,rxn_id,temperature,ligand,solvent,precursor,base,cosolvent,ligand_PC1,ligand_PC2,ligand_PC3,ligand_PC4,ligand_PC5,ligand_PC6,ligand_PC7,ligand_PC8,ligand_PC9,ligand_PC10,ligand_PC11,ligand_PC12,ligand_PC13,ligand_PC14,ligand_PC15,ligand_PC16,ligand_PC17,ligand_PC18,ligand_PC19,ligand_PC20,ligand_PC21,ligand_PC22,ligand_PC23,ligand_PC24,ligand_PC25,ligand_PC26,ligand_PC27,ligand_PC28,ligand_PC29,ligand_PC30,ligand_PC31,ligand_PC32,ligand_PC33,ligand_PC34,ligand_PC35,ligand_PC36,ligand_PC37,F1,F2,F3,F4,NiCl2.6H2O,[Ni(COD)(DQ)],[Ni(oTol)(Cl)(PPh3)2],[Ni(oTol)(Cl)(TMEDA)],Cs2CO3,DBU,DIPEA,K3PO4,MeOH,none,water,temperature_descriptor
48464,48464,70,PPh3,MeTHF,[Ni(COD)(DQ)],Cs2CO3,MeOH,0.0383843320843269,0.2811341666768624,0.4532639241662862,0.4764997862214069,0.3075539806947323,0.294159318995865,0.3329478539083926,0.0781065925273677,0.4639773566252921,0.2898708033937159,0.5216684114169237,0.1839904520487055,0.5169681522983399,0.6981553846597341,0.4058910145521335,0.4550682438798028,0.4260370009617816,0.5010533988185224,0.6141327692023271,0.5021156684205692,0.2896449566241694,0.4104261563024021,0.4953330249298727,0.4377643001233174,0.160210097674923,0.3495168952899001,0.4889675014526328,0.5341103026908203,0.3263001225568612,0.568092281292848,0.4517788783194167,0.3151470998505463,0.633019667654481,0.6123269257124235,0.6456584076564343,0.3362872120371282,0.3287392588672766,0.5158730158730158,0.0,0.8656716417910446,0.4666666666666667,0.0,1.0,0.0,0.0,1.0,0.0,0.0,0.0,1.0,0.0,0.0,0.5000000000000001
48484,48484,70,PPh3,MeCN,[Ni(oTol)(Cl)(TMEDA)],DBU,water,0.0383843320843269,0.2811341666768624,0.4532639241662862,0.4764997862214069,0.3075539806947323,0.294159318995865,0.3329478539083926,0.0781065925273677,0.4639773566252921,0.2898708033937159,0.5216684114169237,0.1839904520487055,0.5169681522983399,0.6981553846597341,0.4058910145521335,0.4550682438798028,0.4260370009617816,0.5010533988185224,0.6141327692023271,0.5021156684205692,0.2896449566241694,0.4104261563024021,0.4953330249298727,0.4377643001233174,0.160210097674923,0.3495168952899001,0.4889675014526328,0.5341103026908203,0.3263001225568612,0.568092281292848,0.4517788783194167,0.3151470998505463,0.633019667654481,0.6123269257124235,0.6456584076564343,0.3362872120371282,0.3287392588672766,0.1111111111111111,0.8478260869565218,0.0,0.2222222222222222,0.0,0.0,0.0,1.0,0.0,1.0,0.0,0.0,0.0,0.0,1.0,0.5000000000000001
48586,48586,70,PPh3,iPrOH,[Ni(oTol)(Cl)(TMEDA)],K3PO4,water,0.0383843320843269,0.2811341666768624,0.4532639241662862,0.4764997862214069,0.3075539806947323,0.294159318995865,0.3329478539083926,0.0781065925273677,0.4639773566252921,0.2898708033937159,0.5216684114169237,0.1839904520487055,0.5169681522983399,0.6981553846597341,0.4058910145521335,0.4550682438798028,0.4260370009617816,0.5010533988185224,0.6141327692023271,0.5021156684205692,0.2896449566241694,0.4104261563024021,0.4953330249298727,0.4377643001233174,0.160210097674923,0.3495168952899001,0.4889675014526328,0.5341103026908203,0.3263001225568612,0.568092281292848,0.4517788783194167,0.3151470998505463,0.633019667654481,0.6123269257124235,0.6456584076564343,0.3362872120371282,0.3287392588672766,0.238095238095238,0.7717391304347827,0.9552238805970148,0.7555555555555555,0.0,0.0,0.0,1.0,0.0,0.0,0.0,1.0,0.0,0.0,1.0,0.5000000000000001
48614,48614,70,PPh3,iPrOH,NiCl2.6H2O,DIPEA,MeOH,0.0383843320843269,0.2811341666768624,0.4532639241662862,0.4764997862214069,0.3075539806947323,0.294159318995865,0.3329478539083926,0.0781065925273677,0.4639773566252921,0.2898708033937159,0.5216684114169237,0.1839904520487055,0.5169681522983399,0.6981553846597341,0.4058910145521335,0.4550682438798028,0.4260370009617816,0.5010533988185224,0.6141327692023271,0.5021156684205692,0.2896449566241694,0.4104261563024021,0.4953330249298727,0.4377643001233174,0.160210097674923,0.3495168952899001,0.4889675014526328,0.5341103026908203,0.3263001225568612,0.568092281292848,0.4517788783194167,0.3151470998505463,0.633019667654481,0.6123269257124235,0.6456584076564343,0.3362872120371282,0.3287392588672766,0.238095238095238,0.7717391304347827,0.9552238805970148,0.7555555555555555,1.0,0.0,0.0,0.0,0.0,0.0,1.0,0.0,1.0,0.0,0.0,0.5000000000000001
48650,48650,70,PPh3,DEC,[Ni(COD)(DQ)],DIPEA,MeOH,0.0383843320843269,0.2811341666768624,0.4532639241662862,0.4764997862214069,0.3075539806947323,0.294159318995865,0.3329478539083926,0.0781065925273677,0.4639773566252921,0.2898708033937159,0.5216684114169237,0.1839904520487055,0.5169681522983399,0.6981553846597341,0.4058910145521335,0.4550682438798028,0.4260370009617816,0.5010533988185224,0.6141327692023271,0.5021156684205692,0.2896449566241694,0.4104261563024021,0.4953330249298727,0.4377643001233174,0.160210097674923,0.3495168952899001,0.4889675014526328,0.5341103026908203,0.3263001225568612,0.568092281292848,0.4517788783194167,0.3151470998505463,0.633019667654481,0.6123269257124235,0.6456584076564343,0.3362872120371282,0.3287392588672766,0.6428571428571428,0.4347826086956523,0.6417910447761194,0.2666666666666667,0.0,1.0,0.0,0.0,0.0,0.0,1.0,0.0,1.0,0.0,0.0,0.5000000000000001
49031,49031,70,PCy3,iPrOH,[Ni(oTol)(Cl)(PPh3)2],K3PO4,MeOH,0.1569255141859478,0.4619296562838362,0.1894358910722399,0.2171740039001031,0.3936852889915794,0.7095298641163765,0.4509075561823363,0.3329705681437086,0.4975840476606012,0.7286180756556289,0.303362771508996,0.5135627139776979,0.7400567618413563,0.3686337783075198,0.4043797389348928,0.3750520799408203,1.0,0.5352031158988321,0.7136244815048198,0.5820242319577561,0.0507766138255449,0.4771652419551787,0.5459507049171338,0.3834573955562229,0.5200958474001026,0.1991564832840807,0.6167147236445658,0.6237256306518038,0.3308703593015699,0.4148835679134651,0.4643725180486647,0.5142988230906733,0.1378383471635348,0.3792829047636385,0.7004509683876201,0.3009391934583882,0.5750254982234453,0.238095238095238,0.7717391304347827,0.9552238805970148,0.7555555555555555,0.0,0.0,1.0,0.0,0.0,0.0,0.0,1.0,1.0,0.0,0.0,0.5000000000000001
49081,49081,70,PCy3,DEC,[Ni(COD)(DQ)],DIPEA,water,0.1569255141859478,0.4619296562838362,0.1894358910722399,0.2171740039001031,0.3936852889915794,0.7095298641163765,0.4509075561823363,0.3329705681437086,0.4975840476606012,0.7286180756556289,0.303362771508996,0.5135627139776979,0.7400567618413563,0.3686337783075198,0.4043797389348928,0.3750520799408203,1.0,0.5352031158988321,0.7136244815048198,0.5820242319577561,0.0507766138255449,0.4771652419551787,0.5459507049171338,0.3834573955562229,0.5200958474001026,0.1991564832840807,0.6167147236445658,0.6237256306518038,0.3308703593015699,0.4148835679134651,0.4643725180486647,0.5142988230906733,0.1378383471635348,0.3792829047636385,0.7004509683876201,0.3009391934583882,0.5750254982234453,0.6428571428571428,0.4347826086956523,0.6417910447761194,0.2666666666666667,0.0,1.0,0.0,0.0,0.0,0.0,1.0,0.0,0.0,0.0,1.0,0.5000000000000001
49147,49147,70,PCy3,EtOAc,NiCl2.6H2O,Cs2CO3,water,0.1569255141859478,0.4619296562838362,0.1894358910722399,0.2171740039001031,0.3936852889915794,0.7095298641163765,0.4509075561823363,0.3329705681437086,0.4975840476606012,0.7286180756556289,0.303362771508996,0.5135627139776979,0.7400567618413563,0.3686337783075198,0.4043797389348928,0.3750520799408203,1.0,0.5352031158988321,0.7136244815048198,0.5820242319577561,0.0507766138255449,0.4771652419551787,0.5459507049171338,0.3834573955562229,0.5200958474001026,0.1991564832840807,0.6167147236445658,0.6237256306518038,0.3308703593015699,0.4148835679134651,0.4643725180486647,0.5142988230906733,0.1378383471635348,0.3792829047636385,0.7004509683876201,0.3009391934583882,0.5750254982234453,0.5793650793650793,0.3695652173913044,0.6343283582089552,0.2666666666666667,1.0,0.0,0.0,0.0,1.0,0.0,0.0,0.0,0.0,0.0,1.0,0.5000000000000001
49369,49369,70,JohnPhos,MeCN,[Ni(COD)(DQ)],DIPEA,water,0.3807933215416242,0.8086775757541087,0.3676691900344437,0.5108506742471522,0.3851790803266943,0.1605457558074257,0.223678549788284,0.4790125371924458,0.4536125153447973,0.6600745258551488,0.4671515248262213,0.3382257367179817,0.4774042662534262,0.2107866406704683,0.3920311476463429,0.5933410797895498,0.1541479462343328,0.2155459959733858,1.0,0.4144482800388046,0.5182388790660445,0.1572576279532732,0.5212480694082715,0.2166322592673997,0.3804865368371032,0.3581507466909397,0.5290097579626776,0.4264215613049253,0.5182355173125238,0.7421779320342932,0.3474484777023349,0.6042028978856464,0.5983388343413064,0.4254566923266049,0.7824851065251512,0.3705537905698454,0.7250748886457561,0.1111111111111111,0.8478260869565218,0.0,0.2222222222222222,0.0,1.0,0.0,0.0,0.0,0.0,1.0,0.0,0.0,0.0,1.0,0.5000000000000001
49370,49370,70,JohnPhos,MeCN,[Ni(COD)(DQ)],DIPEA,MeOH,0.3807933215416242,0.8086775757541087,0.3676691900344437,0.5108506742471522,0.3851790803266943,0.1605457558074257,0.223678549788284,0.4790125371924458,0.4536125153447973,0.6600745258551488,0.4671515248262213,0.3382257367179817,0.4774042662534262,0.2107866406704683,0.3920311476463429,0.5933410797895498,0.1541479462343328,0.2155459959733858,1.0,0.4144482800388046,0.5182388790660445,0.1572576279532732,0.5212480694082715,0.2166322592673997,0.3804865368371032,0.3581507466909397,0.5290097579626776,0.4264215613049253,0.5182355173125238,0.7421779320342932,0.3474484777023349,0.6042028978856464,0.5983388343413064,0.4254566923266049,0.7824851065251512,0.3705537905698454,0.7250748886457561,0.1111111111111111,0.8478260869565218,0.0,0.2222222222222222,0.0,1.0,0.0,0.0,0.0,0.0,1.0,0.0,1.0,0.0,0.0,0.5000000000000001
49413,49413,70,JohnPhos,PhMe,[Ni(oTol)(Cl)(PPh3)2],K3PO4,none,0.3807933215416242,0.8086775757541087,0.3676691900344437,0.5108506742471522,0.3851790803266943,0.1605457558074257,0.223678549788284,0.4790125371924458,0.4536125153447973,0.6600745258551488,0.4671515248262213,0.3382257367179817,0.4774042662534262,0.2107866406704683,0.3920311476463429,0.5933410797895498,0.1541479462343328,0.2155459959733858,1.0,0.4144482800388046,0.5182388790660445,0.1572576279532732,0.5212480694082715,0.2166322592673997,0.3804865368371032,0.3581507466909397,0.5290097579626776,0.4264215613049253,0.5182355173125238,0.7421779320342932,0.3474484777023349,0.6042028978856464,0.5983388343413064,0.4254566923266049,0.7824851065251512,0.3705537905698454,0.7250748886457561,1.0,0.7500000000000001,0.7014925373134328,0.4222222222222223,0.0,0.0,1.0,0.0,0.0,0.0,0.0,1.0,0.0,1.0,0.0,0.5000000000000001
49445,49445,70,JohnPhos,iPrOH,[Ni(oTol)(Cl)(TMEDA)],DBU,MeOH,0.3807933215416242,0.8086775757541087,0.3676691900344437,0.5108506742471522,0.3851790803266943,0.1605457558074257,0.223678549788284,0.4790125371924458,0.4536125153447973,0.6600745258551488,0.4671515248262213,0.3382257367179817,0.4774042662534262,0.2107866406704683,0.3920311476463429,0.5933410797895498,0.1541479462343328,0.2155459959733858,1.0,0.4144482800388046,0.5182388790660445,0.1572576279532732,0.5212480694082715,0.2166322592673997,0.3804865368371032,0.3581507466909397,0.5290097579626776,0.4264215613049253,0.5182355173125238,0.7421779320342932,0.3474484777023349,0.6042028978856464,0.5983388343413064,0.4254566923266049,0.7824851065251512,0.3705537905698454,0.7250748886457561,0.238095238095238,0.7717391304347827,0.9552238805970148,0.7555555555555555,0.0,0.0,0.0,1.0,0.0,1.0,0.0,0.0,1.0,0.0,0.0,0.5000000000000001
49446,49446,70,JohnPhos,iPrOH,[Ni(oTol)(Cl)(TMEDA)],Cs2CO3,none,0.3807933215416242,0.8086775757541087,0.3676691900344437,0.5108506742471522,0.3851790803266943,0.1605457558074257,0.223678549788284,0.4790125371924458,0.4536125153447973,0.6600745258551488,0.4671515248262213,0.3382257367179817,0.4774042662534262,0.2107866406704683,0.3920311476463429,0.5933410797895498,0.1541479462343328,0.2155459959733858,1.0,0.4144482800388046,0.5182388790660445,0.1572576279532732,0.5212480694082715,0.2166322592673997,0.3804865368371032,0.3581507466909397,0.5290097579626776,0.4264215613049253,0.5182355173125238,0.7421779320342932,0.3474484777023349,0.6042028978856464,0.5983388343413064,0.4254566923266049,0.7824851065251512,0.3705537905698454,0.7250748886457561,0.238095238095238,0.7717391304347827,0.9552238805970148,0.7555555555555555,0.0,0.0,0.0,1.0,1.0,0.0,0.0,0.0,0.0,1.0,0.0,0.5000000000000001
49488,49488,70,JohnPhos,DEC,[Ni(oTol)(Cl)(TMEDA)],DIPEA,none,0.3807933215416242,0.8086775757541087,0.3676691900344437,0.5108506742471522,0.3851790803266943,0.1605457558074257,0.223678549788284,0.4790125371924458,0.4536125153447973,0.6600745258551488,0.4671515248262213,0.3382257367179817,0.4774042662534262,0.2107866406704683,0.3920311476463429,0.5933410797895498,0.1541479462343328,0.2155459959733858,1.0,0.4144482800388046,0.5182388790660445,0.1572576279532732,0.5212480694082715,0.2166322592673997,0.3804865368371032,0.3581507466909397,0.5290097579626776,0.4264215613049253,0.5182355173125238,0.7421779320342932,0.3474484777023349,0.6042028978856464,0.5983388343413064,0.4254566923266049,0.7824851065251512,0.3705537905698454,0.7250748886457561,0.6428571428571428,0.4347826086956523,0.6417910447761194,0.2666666666666667,0.0,0.0,0.0,1.0,0.0,0.0,1.0,0.0,0.0,1.0,0.0,0.5000000000000001
49623,49623,70,JohnPhos,MEK,NiCl2.6H2O,DBU,none,0.3807933215416242,0.8086775757541087,0.3676691900344437,0.5108506742471522,0.3851790803266943,0.1605457558074257,0.223678549788284,0.4790125371924458,0.4536125153447973,0.6600745258551488,0.4671515248262213,0.3382257367179817,0.4774042662534262,0.2107866406704683,0.3920311476463429,0.5933410797895498,0.1541479462343328,0.2155459959733858,1.0,0.4144482800388046,0.5182388790660445,0.1572576279532732,0.5212480694082715,0.2166322592673997,0.3804865368371032,0.3581507466909397,0.5290097579626776,0.4264215613049253,0.5182355173125238,0.7421779320342932,0.3474484777023349,0.6042028978856464,0.5983388343413064,0.4254566923266049,0.7824851065251512,0.3705537905698454,0.7250748886457561,0.4761904761904761,0.25,0.6194029850746268,0.1555555555555556,1.0,0.0,0.0,0.0,0.0,1.0,0.0,0.0,0.0,1.0,0.0,0.5000000000000001
49794,49794,70,P(oTol)3,MeCN,[Ni(oTol)(Cl)(PPh3)2],Cs2CO3,none,0.2352210358390652,0.4385006037336071,0.4766744907674257,0.4251748084546118,0.4663732508730095,0.2279837729631592,0.3112940884879037,0.0,0.663739993868587,0.5482533949691281,0.3313334343185305,0.1389442464681026,0.3955860509761205,0.1984743249834683,0.6847686927358019,0.457995339466908,0.3613685298831038,0.8526826210957336,0.1901555044787653,0.40401194218422,0.2339390554035418,0.3399200983769989,0.1194502902985239,0.4530381383043891,0.5472763261767536,0.171829016845648,1.0,0.2428507339932504,0.2220604751052767,0.4699821932939528,1.0,0.5935232120672335,0.5763209397380866,0.6832524094458143,0.3186991830641726,0.2809043623518639,0.5651084436962885,0.1111111111111111,0.8478260869565218,0.0,0.2222222222222222,0.0,0.0,1.0,0.0,1.0,0.0,0.0,0.0,0.0,1.0,0.0,0.5000000000000001
50817,50817,70,"P(2,4,6-TriMeO)3",DEC,[Ni(COD)(DQ)],K3PO4,none,0.6554634130957938,0.1965701400873573,0.9496457778269772,0.2724792750994655,1.0,0.5368520322740162,0.1809650569077259,0.6124295306101574,0.5375189232713868,0.4711879570864795,0.3217950194532591,0.3723266912800035,0.5255942871622592,0.0,0.2627110167293744,0.4497346243281206,0.6851760751589863,0.5954981389361369,0.8505672640088551,0.493703504186009,1.0,0.6590132714363296,0.4558361072828832,0.5115618423415597,0.2786806300480187,0.2781423695864358,0.5162099334444185,0.6430365057847333,0.4293184986605309,0.4696411578660371,0.3849403556704317,0.3896734799417943,0.6677410559522938,0.6791580501012332,0.5807756194652686,0.4034966250082131,0.458049228563954,0.6428571428571428,0.4347826086956523,0.6417910447761194,0.2666666666666667,0.0,1.0,0.0,0.0,0.0,0.0,0.0,1.0,0.0,1.0,0.0,0.5000000000000001
52218,52218,70,cataCXium ABn,MEK,NiCl2.6H2O,Cs2CO3,none,0.295097741102752,0.6250957242196835,0.3924347281377421,0.3311537929691953,0.2876028216354044,0.5479186627685952,0.3526369159730472,0.4593799818861445,0.3440160688417458,0.376843826031952,0.2504233857632547,0.4286357619697347,0.6057653001132292,0.0453175577564073,0.5723131755605456,0.146533931603217,0.0,0.4134222831577716,0.1733433637438388,0.6559517539371043,0.9004716505429062,0.4554716898947415,0.0,0.8979211320324596,0.2785731690812386,0.9344144667197998,0.688564506177465,0.3079947167803575,0.6312002611144025,0.3630122017039652,0.3724549407583825,0.3000437873524456,0.4149829362229025,0.1470452447327818,0.8609027529959601,0.4038145251104357,0.7550500570415652,0.4761904761904761,0.25,0.6194029850746268,0.1555555555555556,1.0,0.0,0.0,0.0,1.0,0.0,0.0,0.0,0.0,1.0,0.0,0.5000000000000001
52224,52224,70,cataCXium ABn,tAmOH,[Ni(oTol)(Cl)(TMEDA)],DIPEA,none,0.295097741102752,0.6250957242196835,0.3924347281377421,0.3311537929691953,0.2876028216354044,0.5479186627685952,0.3526369159730472,0.4593799818861445,0.3440160688417458,0.376843826031952,0.2504233857632547,0.4286357619697347,0.6057653001132292,0.0453175577564073,0.5723131755605456,0.146533931603217,0.0,0.4134222831577716,0.1733433637438388,0.6559517539371043,0.9004716505429062,0.4554716898947415,0.0,0.8979211320324596,0.2785731690812386,0.9344144667197998,0.688564506177465,0.3079947167803575,0.6312002611144025,0.3630122017039652,0.3724549407583825,0.3000437873524456,0.4149829362229025,0.1470452447327818,0.8609027529959601,0.4038145251104357,0.7550500570415652,0.3333333333333333,0.6630434782608696,1.0,0.7555555555555555,0.0,0.0,0.0,1.0,0.0,0.0,1.0,0.0,0.0,1.0,0.0,0.5000000000000001
52229,52229,70,cataCXium ABn,tAmOH,[Ni(oTol)(Cl)(TMEDA)],DBU,MeOH,0.295097741102752,0.6250957242196835,0.3924347281377421,0.3311537929691953,0.2876028216354044,0.5479186627685952,0.3526369159730472,0.4593799818861445,0.3440160688417458,0.376843826031952,0.2504233857632547,0.4286357619697347,0.6057653001132292,0.0453175577564073,0.5723131755605456,0.146533931603217,0.0,0.4134222831577716,0.1733433637438388,0.6559517539371043,0.9004716505429062,0.4554716898947415,0.0,0.8979211320324596,0.2785731690812386,0.9344144667197998,0.688564506177465,0.3079947167803575,0.6312002611144025,0.3630122017039652,0.3724549407583825,0.3000437873524456,0.4149829362229025,0.1470452447327818,0.8609027529959601,0.4038145251104357,0.7550500570415652,0.3333333333333333,0.6630434782608696,1.0,0.7555555555555555,0.0,0.0,0.0,1.0,0.0,1.0,0.0,0.0,1.0,0.0,0.0,0.5000000000000001
52344,52344,70,cataCXium A,MeTHF,[Ni(COD)(DQ)],DIPEA,none,0.2576789282035009,0.5717710374783456,0.3791956275270399,0.1752046194197686,0.362768548905589,0.6012400160776653,0.4213272111132096,0.3513876591164172,0.3268379078371074,0.5802003145347481,0.3181690549907947,0.4543516525543208,0.663664479854397,0.213626604397706,0.3299251858267565,0.3856682641092416,0.5859362060913532,0.3066381873226188,0.2964334450055677,0.461554210889508,0.6074467614160071,0.6920537064286835,0.5825947067436994,0.3768310100744502,0.3035856604016304,0.668377601753147,0.1563836728402113,0.2769899284990043,0.3686389743904488,0.4013696381332285,0.9552139052840296,0.1971256544276479,1.0,0.2260348147528429,0.0,0.5502748983916145,0.2074638737231847,0.5158730158730158,0.0,0.8656716417910446,0.4666666666666667,0.0,1.0,0.0,0.0,0.0,0.0,1.0,0.0,0.0,1.0,0.0,0.5000000000000001
52577,52577,70,cataCXium A,EtOAc,[Ni(oTol)(Cl)(PPh3)2],DBU,MeOH,0.2576789282035009,0.5717710374783456,0.3791956275270399,0.1752046194197686,0.362768548905589,0.6012400160776653,0.4213272111132096,0.3513876591164172,0.3268379078371074,0.5802003145347481,0.3181690549907947,0.4543516525543208,0.663664479854397,0.213626604397706,0.3299251858267565,0.3856682641092416,0.5859362060913532,0.3066381873226188,0.2964334450055677,0.461554210889508,0.6074467614160071,0.6920537064286835,0.5825947067436994,0.3768310100744502,0.3035856604016304,0.668377601753147,0.1563836728402113,0.2769899284990043,0.3686389743904488,0.4013696381332285,0.9552139052840296,0.1971256544276479,1.0,0.2260348147528429,0.0,0.5502748983916145,0.2074638737231847,0.5793650793650793,0.3695652173913044,0.6343283582089552,0.2666666666666667,0.0,0.0,1.0,0.0,0.0,1.0,0.0,0.0,1.0,0.0,0.0,0.5000000000000001
52820,52820,70,cataCXium POMetB,MeCN,[Ni(oTol)(Cl)(PPh3)2],Cs2CO3,MeOH,0.2973127373341334,0.8898857631552055,0.7202410491365353,0.7988479281504071,0.5673861681348579,0.6683971657786745,0.5202781423613755,0.1238749614227713,0.672090436580731,0.5453500735493679,0.3626553705524005,0.3353090548216378,0.2359663087595057,0.4943105080799195,0.0152304900509402,0.4399764843478368,0.5262949011070832,0.2345317342402013,0.256834210429448,0.7204856475218817,0.4931948525501209,0.8335737786937866,0.7214978294008481,0.1118247054639189,0.1471318395415473,0.381476087012907,0.921415759159544,0.1536689975915166,0.6779392305918,0.4760621502381723,0.2221726022661213,0.5178492163559283,0.2687289437037773,0.1644644297543235,0.4184717263558649,0.4836072247580238,0.4148847924329161,0.1111111111111111,0.8478260869565218,0.0,0.2222222222222222,0.0,0.0,1.0,0.0,1.0,0.0,0.0,0.0,1.0,0.0,0.0,0.5000000000000001
52985,52985,70,cataCXium POMetB,DEC,NiCl2.6H2O,DBU,MeOH,0.2973127373341334,0.8898857631552055,0.7202410491365353,0.7988479281504071,0.5673861681348579,0.6683971657786745,0.5202781423613755,0.1238749614227713,0.672090436580731,0.5453500735493679,0.3626553705524005,0.3353090548216378,0.2359663087595057,0.4943105080799195,0.0152304900509402,0.4399764843478368,0.5262949011070832,0.2345317342402013,0.256834210429448,0.7204856475218817,0.4931948525501209,0.8335737786937866,0.7214978294008481,0.1118247054639189,0.1471318395415473,0.381476087012907,0.921415759159544,0.1536689975915166,0.6779392305918,0.4760621502381723,0.2221726022661213,0.5178492163559283,0.2687289437037773,0.1644644297543235,0.4184717263558649,0.4836072247580238,0.4148847924329161,0.6428571428571428,0.4347826086956523,0.6417910447761194,0.2666666666666667,1.0,0.0,0.0,0.0,0.0,1.0,0.0,0.0,1.0,0.0,0.0,0.5000000000000001
53156,53156,70,cataCXium POMetB,DMI,[Ni(oTol)(Cl)(PPh3)2],Cs2CO3,MeOH,0.2973127373341334,0.8898857631552055,0.7202410491365353,0.7988479281504071,0.5673861681348579,0.6683971657786745,0.5202781423613755,0.1238749614227713,0.672090436580731,0.5453500735493679,0.3626553705524005,0.3353090548216378,0.2359663087595057,0.4943105080799195,0.0152304900509402,0.4399764843478368,0.5262949011070832,0.2345317342402013,0.256834210429448,0.7204856475218817,0.4931948525501209,0.8335737786937866,0.7214978294008481,0.1118247054639189,0.1471318395415473,0.381476087012907,0.921415759159544,0.1536689975915166,0.6779392305918,0.4760621502381723,0.2221726022661213,0.5178492163559283,0.2687289437037773,0.1644644297543235,0.4184717263558649,0.4836072247580238,0.4148847924329161,0.3253968253968253,0.0869565217391304,0.5820895522388059,0.0,0.0,0.0,1.0,0.0,1.0,0.0,0.0,0.0,1.0,0.0,0.0,0.5000000000000001
53461,53461,70,cataCXium POMeCy,EtOAc,NiCl2.6H2O,DIPEA,water,0.571455236829266,0.3766099391816757,0.1702408615986348,0.4848820987920939,0.5379825694377764,0.5052829149879633,0.3483230952840717,0.5314634057526625,0.5221677519305219,0.7461364346428714,0.4705927978662861,0.4816726244635493,0.4258698251387495,0.4484521153722581,0.4589724089700429,0.3056851112689336,0.3498160350719845,0.3035043070145574,0.1244948080663395,0.4494235749888565,0.4062295543472559,0.1926370109507462,0.7300364131483664,0.7031435574027625,0.9656833065020805,0.4115871234040494,0.4483229083261704,0.293755101969982,0.9366703550867282,0.6097364249741314,0.1914473791074989,0.1122750850904032,0.4204020515320177,0.4715104747736682,0.3303556000220438,0.4250509527231819,0.453672395872065,0.5793650793650793,0.3695652173913044,0.6343283582089552,0.2666666666666667,1.0,0.0,0.0,0.0,0.0,0.0,1.0,0.0,0.0,0.0,1.0,0.5000000000000001
53719,53719,70,vBRIDP,PhMe,[Ni(oTol)(Cl)(TMEDA)],Cs2CO3,water,0.5132958151093667,0.8350836974566944,0.439049161855002,0.5165801510898498,0.3702808790914191,0.2456249193594531,0.051444871164199,0.4948851559340815,0.2352450528306038,0.5797020130178129,0.4271886766501881,0.5929796473129096,0.2638617382519863,0.202277881011523,0.8419647959313006,0.4870933733878348,0.7099474771842491,0.4420909174303541,0.8666349614162988,0.3766800586581439,0.3823930057146423,0.4012271561680524,0.2491627507948057,0.6594341317124266,0.1985987601871895,0.2026937444992619,0.5305540777984269,0.2791789452830129,0.5076914765968278,0.4880525479980177,0.2240146562229898,0.6936136489972531,0.2475585990905897,0.2475363063752152,0.0878013444436887,0.7506986361765251,0.3508383159468075,1.0,0.7500000000000001,0.7014925373134328,0.4222222222222223,0.0,0.0,0.0,1.0,1.0,0.0,0.0,0.0,0.0,0.0,1.0,0.5000000000000001
53907,53907,70,vBRIDP,MEK,[Ni(oTol)(Cl)(TMEDA)],DBU,none,0.5132958151093667,0.8350836974566944,0.439049161855002,0.5165801510898498,0.3702808790914191,0.2456249193594531,0.051444871164199,0.4948851559340815,0.2352450528306038,0.5797020130178129,0.4271886766501881,0.5929796473129096,0.2638617382519863,0.202277881011523,0.8419647959313006,0.4870933733878348,0.7099474771842491,0.4420909174303541,0.8666349614162988,0.3766800586581439,0.3823930057146423,0.4012271561680524,0.2491627507948057,0.6594341317124266,0.1985987601871895,0.2026937444992619,0.5305540777984269,0.2791789452830129,0.5076914765968278,0.4880525479980177,0.2240146562229898,0.6936136489972531,0.2475585990905897,0.2475363063752152,0.0878013444436887,0.7506986361765251,0.3508383159468075,0.4761904761904761,0.25,0.6194029850746268,0.1555555555555556,0.0,0.0,0.0,1.0,0.0,1.0,0.0,0.0,0.0,1.0,0.0,0.5000000000000001
54239,54239,70,Cy-vBRIDP,iPrOH,NiCl2.6H2O,K3PO4,MeOH,0.5676686961402629,0.4987412355860747,0.3267092964798602,0.4229153450260362,0.3417551677963499,0.576827252202984,0.3743831479480234,0.1903068065332809,0.2418163098092707,0.4656813392756652,0.3694738481377104,0.4198705101986796,0.0,0.2929025289828316,0.7354670094745339,0.70137341638974,0.864980083753612,0.6772912822815305,0.7546519360112511,0.333873911544671,0.4205728744624659,0.6483424649139783,0.863544382135691,0.4206316700829265,0.0,1.0,0.3431476171919531,0.2912668221098368,0.2816117664771718,0.5175055342880635,0.3459690395365841,0.2534097473311541,0.4141602596811738,0.8710909172390526,0.4202784341650339,0.251485972401659,0.7663748683574063,0.238095238095238,0.7717391304347827,0.9552238805970148,0.7555555555555555,1.0,0.0,0.0,0.0,0.0,0.0,0.0,1.0,1.0,0.0,0.0,0.5000000000000001
54826,54826,70,tBuDavePhos,tAmOH,[Ni(oTol)(Cl)(TMEDA)],K3PO4,water,0.5011665625559019,0.8018813918889832,0.3404935642272376,0.5303236552323857,0.4367323198498302,0.1766431613566351,0.1813498633384534,0.5190382942794303,0.3536724701825288,0.525525399421981,0.4897829086830327,0.3118013277048576,0.4766068421219419,0.436556906927653,0.184084922767234,0.4752037533277173,0.4264413019632889,0.1700047564681838,0.7125099978263895,0.3337330920744518,0.5726003064328604,0.7428688509278244,0.1149045699221987,0.1789199595372381,1.0,0.4569774796628738,0.2330380442434102,0.2436972709579421,0.0222499383917216,0.7391783937523773,0.5751335862270923,0.1341596861797244,0.3605257237388767,0.6538753630335691,0.6873048576183303,0.530533773847131,0.2702283154582582,0.3333333333333333,0.6630434782608696,1.0,0.7555555555555555,0.0,0.0,0.0,1.0,0.0,0.0,0.0,1.0,0.0,0.0,1.0,0.5000000000000001
55119,55119,70,CyJohnPhos,DEC,[Ni(oTol)(Cl)(PPh3)2],DBU,none,0.5227963983493957,0.4677612697889126,0.1367896251936154,0.3918070031851026,0.4082441727479984,0.3989970143093305,0.4395124885345176,0.3122937255540206,0.626095425980319,0.6126817428501761,0.6287959449908289,0.2937774255182491,0.405606002512302,0.0971011083865958,0.335913224778521,0.7258006710610354,0.227120182942957,0.6260239995475367,0.6482608814241901,0.4800438621368907,0.4614596622131276,0.3149015498478599,0.6090744117921476,0.68298733519105,0.0418417083000757,0.2905857957328897,0.3657369950219377,0.3957654233004641,0.9304559353441616,0.9489313496645968,0.8022656097612171,0.1550401371974512,0.2125623423595762,0.5946103650933618,0.7360777862444066,0.5765920125038051,0.0,0.6428571428571428,0.4347826086956523,0.6417910447761194,0.2666666666666667,0.0,0.0,1.0,0.0,0.0,1.0,0.0,0.0,0.0,1.0,0.0,0.5000000000000001
55226,55226,70,CyJohnPhos,MEK,[Ni(COD)(DQ)],DIPEA,MeOH,0.5227963983493957,0.4677612697889126,0.1367896251936154,0.3918070031851026,0.4082441727479984,0.3989970143093305,0.4395124885345176,0.3122937255540206,0.626095425980319,0.6126817428501761,0.6287959449908289,0.2937774255182491,0.405606002512302,0.0971011083865958,0.335913224778521,0.7258006710610354,0.227120182942957,0.6260239995475367,0.6482608814241901,0.4800438621368907,0.4614596622131276,0.3149015498478599,0.6090744117921476,0.68298733519105,0.0418417083000757,0.2905857957328897,0.3657369950219377,0.3957654233004641,0.9304559353441616,0.9489313496645968,0.8022656097612171,0.1550401371974512,0.2125623423595762,0.5946103650933618,0.7360777862444066,0.5765920125038051,0.0,0.4761904761904761,0.25,0.6194029850746268,0.1555555555555556,0.0,1.0,0.0,0.0,0.0,0.0,1.0,0.0,1.0,0.0,0.0,0.5000000000000001
55347,55347,70,cataCXium PICy,MeTHF,[Ni(oTol)(Cl)(TMEDA)],DBU,none,0.548495753322487,0.4537431093082867,0.2538455914291853,0.5282448779599387,0.4070633001385121,0.6371313858165288,0.5220195298263085,0.3787833590404028,0.6097146237398752,0.5975262015476447,0.0892880299854174,0.5332824591860185,0.4893601466867986,0.5335207298276656,0.5713306508746511,0.3708837257787306,0.2251074240627815,0.2785076206421919,0.0,0.0,0.680870174695358,0.7567139550600551,0.2804410077702332,0.4662177297567828,0.1666916517217891,0.0652002469496851,0.328059559165478,0.4250529227759164,0.0,0.4252675867180528,0.0932903448740665,0.3382707758226208,0.2017844506434138,1.0,0.6280018164054679,0.5999220406191854,0.3296221719829744,0.5158730158730158,0.0,0.8656716417910446,0.4666666666666667,0.0,0.0,0.0,1.0,0.0,1.0,0.0,0.0,0.0,1.0,0.0,0.5000000000000001
55810,55810,70,XPhos,MeTHF,[Ni(COD)(DQ)],K3PO4,water,0.782357247134243,0.4601959532590677,0.1975913334986176,0.3053892075798631,0.2921149653208215,0.4842416607043085,0.3154322257108783,0.1143563030632906,0.5142884281654624,0.3475365079452351,0.3956538109492861,0.3012562726482796,0.393938722736414,0.3061882735815499,0.3625820344154702,0.306759342564554,0.8152202566823721,0.1121434653842861,0.4360838303638797,0.2821708210002092,0.7096392476957096,0.7366358202280578,0.256332145493986,0.3758115414791459,0.3931153958029673,0.4453046474487436,0.5645854808313804,0.6205642834247456,0.6217988418058463,0.5277277455521693,0.534735062939601,1.0,0.7170157985210368,0.3122647121671158,0.9846701066199935,0.3823465733174404,0.0964087473052183,0.5158730158730158,0.0,0.8656716417910446,0.4666666666666667,0.0,1.0,0.0,0.0,0.0,0.0,0.0,1.0,0.0,0.0,1.0,0.5000000000000001
55941,55941,70,XPhos,iPrOH,[Ni(oTol)(Cl)(PPh3)2],K3PO4,none,0.782357247134243,0.4601959532590677,0.1975913334986176,0.3053892075798631,0.2921149653208215,0.4842416607043085,0.3154322257108783,0.1143563030632906,0.5142884281654624,0.3475365079452351,0.3956538109492861,0.3012562726482796,0.393938722736414,0.3061882735815499,0.3625820344154702,0.306759342564554,0.8152202566823721,0.1121434653842861,0.4360838303638797,0.2821708210002092,0.7096392476957096,0.7366358202280578,0.256332145493986,0.3758115414791459,0.3931153958029673,0.4453046474487436,0.5645854808313804,0.6205642834247456,0.6217988418058463,0.5277277455521693,0.534735062939601,1.0,0.7170157985210368,0.3122647121671158,0.9846701066199935,0.3823465733174404,0.0964087473052183,0.238095238095238,0.7717391304347827,0.9552238805970148,0.7555555555555555,0.0,0.0,1.0,0.0,0.0,0.0,0.0,1.0,0.0,1.0,0.0,0.5000000000000001
56254,56254,70,MorDalphos,MeTHF,NiCl2.6H2O,K3PO4,water,0.5148845399003985,0.6439749378037826,0.6037298514476426,0.3215307696409081,0.4396534879067401,0.1899804561670953,0.32637288485556,0.4570680483621534,0.3582475801473561,0.6723932683332745,0.4549688101462035,0.1425119262030383,0.5467037822357648,0.4168647499728867,0.2474778983648069,0.6947629414130957,0.3328763801298583,0.6493181684689973,0.004918954627611,0.4431227638605849,0.8286484696830004,0.0,0.6955197469232751,0.0,0.171388565282053,0.5065213880771202,0.0,0.4373356343507336,0.2978797225436501,0.0953366861118495,0.7459380255634168,0.6590934593465021,0.0701831096428119,0.2638286234007333,0.5524990379959875,0.4914075276752318,0.6078218980095659,0.5158730158730158,0.0,0.8656716417910446,0.4666666666666667,1.0,0.0,0.0,0.0,0.0,0.0,0.0,1.0,0.0,0.0,1.0,0.5000000000000001
57761,57761,70,BrettPhos,EtOAc,[Ni(oTol)(Cl)(PPh3)2],DBU,MeOH,0.8994924353013456,0.4384464285268494,0.4705800643513707,0.2929877732738098,0.3057559205971359,0.55656259819819,0.2998260819685498,0.4564498888479771,0.6614929401546403,0.4682417697430992,0.3488269961937798,0.1668032839581719,0.4885036372158992,0.616569190783196,0.4495694940391886,0.1473247588555173,0.4300296579087814,0.3788585141962859,0.8566973086676133,0.2624882425865513,0.1091539485029106,0.3908369303740049,0.701786794331048,0.6059124450074994,0.1656830827688913,0.465929955423478,0.5847732664029418,0.3743510535666816,0.3465999256172485,0.3935112854139631,0.5788141261742461,0.4758927353787442,0.7283506534167146,0.1326931461274311,0.5766509775324643,1.0,0.4821676182617689,0.5793650793650793,0.3695652173913044,0.6343283582089552,0.2666666666666667,0.0,0.0,1.0,0.0,0.0,1.0,0.0,0.0,1.0,0.0,0.0,0.5000000000000001
58468,58468,70,PhDavePhos,PhMe,[Ni(oTol)(Cl)(TMEDA)],DBU,water,0.5378444834219459,0.3496184697429597,0.2747958878065786,0.5206966875608261,0.5252986922989205,0.1772924979060247,0.1967084707477751,0.2790319440249199,0.2662705277749683,0.4387811539570062,0.3905571298315022,0.2942515222834231,0.5425582545165996,0.4318550065463201,0.148302981341633,0.4476072308152903,0.6938514216830192,0.4468685486589933,0.266727145423615,0.5672750291589875,0.157402242310093,0.1636463024752147,0.563785499489454,0.6319528859851465,0.548358153997795,0.4834855310544081,0.6193450153727336,0.195384659004874,0.2108975117558977,0.7151556604607081,0.2610289365317409,0.5648681991116509,0.393585342455259,0.2862463868020424,0.5751549529345,0.4651630155293714,0.4197686499575275,1.0,0.7500000000000001,0.7014925373134328,0.4222222222222223,0.0,0.0,0.0,1.0,0.0,1.0,0.0,0.0,0.0,0.0,1.0,0.5000000000000001
59019,59019,70,CyAmPhos,DEC,[Ni(COD)(DQ)],DBU,none,0.3677404831022535,0.268416180454173,0.4616683453624247,0.4082787108707708,0.3707992676243157,0.8536940956045393,0.149977856967959,0.9049597052194276,0.3882585933651598,0.5378283544196227,0.3826081993758035,0.0,0.5103970971699233,0.2530350570104674,0.3587766443905216,0.5470590717594046,0.842550211450601,0.4628899684416012,0.1341388070174025,0.3993540644554982,0.0,0.3671936529069872,0.3088486819744401,0.3548168451836578,0.2810373032448775,0.4256104778688894,0.446637001423228,0.2190631349372286,0.5980092694548085,0.3967656607970134,0.342685018938922,0.6873185761493058,0.3165817358164276,0.5941702928732294,0.4400795638957996,0.6597505778672244,0.2166373641717334,0.6428571428571428,0.4347826086956523,0.6417910447761194,0.2666666666666667,0.0,1.0,0.0,0.0,0.0,1.0,0.0,0.0,0.0,1.0,0.0,0.5000000000000001
59248,59248,70,AmPhos,MeTHF,[Ni(oTol)(Cl)(PPh3)2],DBU,water,0.2272502251235193,0.5823185070877308,0.7091862167383252,0.4796857469555742,0.2636250581788062,0.6942094275864246,0.0458640030772037,0.9922469713559862,0.4440910894115359,0.4243720740600616,0.5412314907538713,0.1388646482430672,0.3760250490000618,0.7055683418035044,0.5518786551553077,0.471032832810981,0.5332650785198165,0.2548624863839487,0.2379287238778489,0.4921834925862718,0.4074011008241791,0.7221426525029984,0.5143259128457379,0.532615706598131,0.2577908847405817,0.2141572813898334,0.4002490723004187,0.2799858892398276,0.4070692389246612,0.8497871746510696,0.61660238757216,0.3496782409544183,0.6636763974638722,0.3565805741738512,0.5944421104984771,0.0,0.5881328805218539,0.5158730158730158,0.0,0.8656716417910446,0.4666666666666667,0.0,0.0,1.0,0.0,0.0,1.0,0.0,0.0,0.0,0.0,1.0,0.5000000000000001
59393,59393,70,AmPhos,iPrOH,[Ni(oTol)(Cl)(PPh3)2],DBU,MeOH,0.2272502251235193,0.5823185070877308,0.7091862167383252,0.4796857469555742,0.2636250581788062,0.6942094275864246,0.0458640030772037,0.9922469713559862,0.4440910894115359,0.4243720740600616,0.5412314907538713,0.1388646482430672,0.3760250490000618,0.7055683418035044,0.5518786551553077,0.471032832810981,0.5332650785198165,0.2548624863839487,0.2379287238778489,0.4921834925862718,0.4074011008241791,0.7221426525029984,0.5143259128457379,0.532615706598131,0.2577908847405817,0.2141572813898334,0.4002490723004187,0.2799858892398276,0.4070692389246612,0.8497871746510696,0.61660238757216,0.3496782409544183,0.6636763974638722,0.3565805741738512,0.5944421104984771,0.0,0.5881328805218539,0.238095238095238,0.7717391304347827,0.9552238805970148,0.7555555555555555,0.0,0.0,1.0,0.0,0.0,1.0,0.0,0.0,1.0,0.0,0.0,0.5000000000000001
59438,59438,70,AmPhos,DEC,[Ni(oTol)(Cl)(PPh3)2],DIPEA,MeOH,0.2272502251235193,0.5823185070877308,0.7091862167383252,0.4796857469555742,0.2636250581788062,0.6942094275864246,0.0458640030772037,0.9922469713559862,0.4440910894115359,0.4243720740600616,0.5412314907538713,0.1388646482430672,0.3760250490000618,0.7055683418035044,0.5518786551553077,0.471032832810981,0.5332650785198165,0.2548624863839487,0.2379287238778489,0.4921834925862718,0.4074011008241791,0.7221426525029984,0.5143259128457379,0.532615706598131,0.2577908847405817,0.2141572813898334,0.4002490723004187,0.2799858892398276,0.4070692389246612,0.8497871746510696,0.61660238757216,0.3496782409544183,0.6636763974638722,0.3565805741738512,0.5944421104984771,0.0,0.5881328805218539,0.6428571428571428,0.4347826086956523,0.6417910447761194,0.2666666666666667,0.0,0.0,1.0,0.0,0.0,0.0,1.0,0.0,1.0,0.0,0.0,0.5000000000000001
59480,59480,70,AmPhos,EtOAc,[Ni(oTol)(Cl)(TMEDA)],Cs2CO3,MeOH,0.2272502251235193,0.5823185070877308,0.7091862167383252,0.4796857469555742,0.2636250581788062,0.6942094275864246,0.0458640030772037,0.9922469713559862,0.4440910894115359,0.4243720740600616,0.5412314907538713,0.1388646482430672,0.3760250490000618,0.7055683418035044,0.5518786551553077,0.471032832810981,0.5332650785198165,0.2548624863839487,0.2379287238778489,0.4921834925862718,0.4074011008241791,0.7221426525029984,0.5143259128457379,0.532615706598131,0.2577908847405817,0.2141572813898334,0.4002490723004187,0.2799858892398276,0.4070692389246612,0.8497871746510696,0.61660238757216,0.3496782409544183,0.6636763974638722,0.3565805741738512,0.5944421104984771,0.0,0.5881328805218539,0.5793650793650793,0.3695652173913044,0.6343283582089552,0.2666666666666667,0.0,0.0,0.0,1.0,1.0,0.0,0.0,0.0,1.0,0.0,0.0,0.5000000000000001
59793,59793,70,BippyPhos,PhMe,[Ni(COD)(DQ)],K3PO4,none,0.6793281815985012,0.7298691981821963,1.0000000000000002,1.0,0.3601972004858692,1.0,0.4889178612039078,0.0439723167542648,0.2506950631271282,0.4916581047799529,0.5232942218141637,0.3207844022283195,0.5994185483137286,0.3107885261625803,0.3286961332109653,0.5357619287827122,0.6038766634077339,0.5618873663305226,0.6065522405573341,0.3973659633333686,0.3009833752929146,0.117991037228469,0.2626487804698159,0.8699802684523754,0.7237831163545083,0.4986224295187729,0.0782039035105565,0.5882847014070907,0.3580295252927475,0.5760446148608174,0.639933448505552,0.5102056507276852,0.5616282990450427,0.481039957755805,0.5690923344858752,0.5047182445041019,0.4270188213840971,1.0,0.7500000000000001,0.7014925373134328,0.4222222222222223,0.0,1.0,0.0,0.0,0.0,0.0,0.0,1.0,0.0,1.0,0.0,0.5000000000000001
59815,59815,70,BippyPhos,iPrOH,[Ni(oTol)(Cl)(TMEDA)],Cs2CO3,water,0.6793281815985012,0.7298691981821963,1.0000000000000002,1.0,0.3601972004858692,1.0,0.4889178612039078,0.0439723167542648,0.2506950631271282,0.4916581047799529,0.5232942218141637,0.3207844022283195,0.5994185483137286,0.3107885261625803,0.3286961332109653,0.5357619287827122,0.6038766634077339,0.5618873663305226,0.6065522405573341,0.3973659633333686,0.3009833752929146,0.117991037228469,0.2626487804698159,0.8699802684523754,0.7237831163545083,0.4986224295187729,0.0782039035105565,0.5882847014070907,0.3580295252927475,0.5760446148608174,0.639933448505552,0.5102056507276852,0.5616282990450427,0.481039957755805,0.5690923344858752,0.5047182445041019,0.4270188213840971,0.238095238095238,0.7717391304347827,0.9552238805970148,0.7555555555555555,0.0,0.0,0.0,1.0,1.0,0.0,0.0,0.0,0.0,0.0,1.0,0.5000000000000001
59969,59969,70,BippyPhos,MEK,[Ni(oTol)(Cl)(PPh3)2],DBU,MeOH,0.6793281815985012,0.7298691981821963,1.0000000000000002,1.0,0.3601972004858692,1.0,0.4889178612039078,0.0439723167542648,0.2506950631271282,0.4916581047799529,0.5232942218141637,0.3207844022283195,0.5994185483137286,0.3107885261625803,0.3286961332109653,0.5357619287827122,0.6038766634077339,0.5618873663305226,0.6065522405573341,0.3973659633333686,0.3009833752929146,0.117991037228469,0.2626487804698159,0.8699802684523754,0.7237831163545083,0.4986224295187729,0.0782039035105565,0.5882847014070907,0.3580295252927475,0.5760446148608174,0.639933448505552,0.5102056507276852,0.5616282990450427,0.481039957755805,0.5690923344858752,0.5047182445041019,0.4270188213840971,0.4761904761904761,0.25,0.6194029850746268,0.1555555555555556,0.0,0.0,1.0,0.0,0.0,1.0,0.0,0.0,1.0,0.0,0.0,0.5000000000000001
60018,60018,70,BippyPhos,tAmOH,[Ni(oTol)(Cl)(PPh3)2],Cs2CO3,none,0.6793281815985012,0.7298691981821963,1.0000000000000002,1.0,0.3601972004858692,1.0,0.4889178612039078,0.0439723167542648,0.2506950631271282,0.4916581047799529,0.5232942218141637,0.3207844022283195,0.5994185483137286,0.3107885261625803,0.3286961332109653,0.5357619287827122,0.6038766634077339,0.5618873663305226,0.6065522405573341,0.3973659633333686,0.3009833752929146,0.117991037228469,0.2626487804698159,0.8699802684523754,0.7237831163545083,0.4986224295187729,0.0782039035105565,0.5882847014070907,0.3580295252927475,0.5760446148608174,0.639933448505552,0.5102056507276852,0.5616282990450427,0.481039957755805,0.5690923344858752,0.5047182445041019,0.4270188213840971,0.3333333333333333,0.6630434782608696,1.0,0.7555555555555555,0.0,0.0,1.0,0.0,1.0,0.0,0.0,0.0,0.0,1.0,0.0,0.5000000000000001
60155,60155,70,CyBippyPhos,MeCN,[Ni(oTol)(Cl)(TMEDA)],K3PO4,MeOH,0.9608901286570016,0.2261032272537643,0.4049589705869656,0.5989187148122033,0.3034834919173682,0.6785717195136532,0.2510918085731832,0.2668311999080249,0.228066264712928,0.5335633908954176,1.0,0.311166148683606,1.0,0.3217186183723995,0.6440605252144493,0.3951814313407137,0.5266027705420998,0.4910598878213424,0.6705627131658057,0.2621833129516741,0.848533513250749,0.4432320997670677,0.6344960935489694,0.111810656382025,0.3701249499924195,0.2349715018427613,0.903597576444412,0.0,0.4076598458073123,0.1915577214255108,0.4128038791169695,0.1815045477417702,0.3296030731563072,0.3384507272684673,0.573420397825977,0.3203738799680269,0.4183390467716948,0.1111111111111111,0.8478260869565218,0.0,0.2222222222222222,0.0,0.0,0.0,1.0,0.0,0.0,0.0,1.0,1.0,0.0,0.0,0.5000000000000001
60890,60890,70,RuPhos,tAmOH,[Ni(COD)(DQ)],DIPEA,MeOH,0.7956124008696495,0.4212725865726315,0.2090757648970859,0.2569952394956417,0.4150023928691614,0.6217031299804449,0.2888076371266488,0.2280968592343958,0.7271344684885837,0.3099357318535277,0.9633651175542574,0.439449084261276,0.4734538992962472,0.3687610057901628,0.443837531871539,0.780222174247623,0.5001619381925785,0.0021955522565303,0.3398157294720271,1.0,0.5357861517243919,0.3531882928378916,0.1528065179584089,0.7235749096855314,0.0967588746652777,0.2420219077477941,0.1695810946740908,0.4559217014398622,0.1796243535373703,0.4659294074754187,0.3421327203443204,0.5870942740659918,0.2646446016675038,0.4936122931712647,0.2112131359423132,0.3315803248387179,0.4447487610276582,0.3333333333333333,0.6630434782608696,1.0,0.7555555555555555,0.0,1.0,0.0,0.0,0.0,0.0,1.0,0.0,1.0,0.0,0.0,0.5000000000000001
61457,61457,70,DavePhos,MeCN,[Ni(oTol)(Cl)(PPh3)2],DBU,MeOH,0.6389100117708069,0.4508298291432576,0.1339448252892083,0.3809308438848126,0.4816445514042745,0.4151639722889044,0.3872540485881143,0.3119162904945342,0.5342039933441005,0.4253139618599392,0.6982566789598306,0.2307045353318086,0.3376604598970054,0.3613326651270643,0.2126673336093743,0.7543731380707799,0.7228946781274829,0.4154697057899926,0.4604397432321047,0.5364975237681587,0.3570678717032826,0.917187545609046,0.1469618577834295,0.365621059865391,0.6333578682397549,0.4701240667426097,0.5011371705922212,0.2208169358768299,0.3011200457699632,0.4026333121116496,0.4088906979399443,0.2246109909823585,0.7049571482937431,0.2294912285672386,0.4530536177910582,0.7498794504481077,0.7425128832888718,0.1111111111111111,0.8478260869565218,0.0,0.2222222222222222,0.0,0.0,1.0,0.0,0.0,1.0,0.0,0.0,1.0,0.0,0.0,0.5000000000000001
61523,61523,70,DavePhos,PhMe,[Ni(COD)(DQ)],K3PO4,MeOH,0.6389100117708069,0.4508298291432576,0.1339448252892083,0.3809308438848126,0.4816445514042745,0.4151639722889044,0.3872540485881143,0.3119162904945342,0.5342039933441005,0.4253139618599392,0.6982566789598306,0.2307045353318086,0.3376604598970054,0.3613326651270643,0.2126673336093743,0.7543731380707799,0.7228946781274829,0.4154697057899926,0.4604397432321047,0.5364975237681587,0.3570678717032826,0.917187545609046,0.1469618577834295,0.365621059865391,0.6333578682397549,0.4701240667426097,0.5011371705922212,0.2208169358768299,0.3011200457699632,0.4026333121116496,0.4088906979399443,0.2246109909823585,0.7049571482937431,0.2294912285672386,0.4530536177910582,0.7498794504481077,0.7425128832888718,1.0,0.7500000000000001,0.7014925373134328,0.4222222222222223,0.0,1.0,0.0,0.0,0.0,0.0,0.0,1.0,1.0,0.0,0.0,0.5000000000000001
61774,61774,70,DavePhos,tAmOH,NiCl2.6H2O,K3PO4,water,0.6389100117708069,0.4508298291432576,0.1339448252892083,0.3809308438848126,0.4816445514042745,0.4151639722889044,0.3872540485881143,0.3119162904945342,0.5342039933441005,0.4253139618599392,0.6982566789598306,0.2307045353318086,0.3376604598970054,0.3613326651270643,0.2126673336093743,0.7543731380707799,0.7228946781274829,0.4154697057899926,0.4604397432321047,0.5364975237681587,0.3570678717032826,0.917187545609046,0.1469618577834295,0.365621059865391,0.6333578682397549,0.4701240667426097,0.5011371705922212,0.2208169358768299,0.3011200457699632,0.4026333121116496,0.4088906979399443,0.2246109909823585,0.7049571482937431,0.2294912285672386,0.4530536177910582,0.7498794504481077,0.7425128832888718,0.3333333333333333,0.6630434782608696,1.0,0.7555555555555555,1.0,0.0,0.0,0.0,0.0,0.0,0.0,1.0,0.0,0.0,1.0,0.5000000000000001
61906,61906,70,EPhos,MeCN,[Ni(COD)(DQ)],K3PO4,water,0.8951294422612691,0.414627640637808,0.4654129703201411,0.2392738245361053,0.2972218995047978,0.591404153002274,0.3218340630119076,0.469069434607113,0.8374187506890798,0.4229229254432916,0.4297827237995808,0.1258655322860196,0.2846676496590959,0.5221599076603021,0.0691154301038111,0.0495459631040812,0.410377717230052,0.4346012754431516,0.7877137316668159,0.4318329187274485,0.7463709120130639,0.3067207881831178,0.6948723506076095,0.768222316098118,0.6988836936610942,0.7601178449114674,0.5947619447300541,0.1784319296958331,0.1941241453138076,0.6111036914283812,0.6549458489175894,0.6088402613464878,0.0,0.7490156673299315,0.3074030650742707,0.3534793678346241,0.5686518073445717,0.1111111111111111,0.8478260869565218,0.0,0.2222222222222222,0.0,1.0,0.0,0.0,0.0,0.0,0.0,1.0,0.0,0.0,1.0,0.5000000000000001
62316,62316,70,PhenCar-Phos,MeCN,[Ni(oTol)(Cl)(PPh3)2],DIPEA,none,0.7366569606589266,0.3935299853516366,0.2254539418560786,0.4958923591978953,0.3710480611202068,0.4251541547074131,0.3711071719420196,0.381439245775834,0.3315216228506839,0.455244767040529,0.4855300599338592,0.2092693468991436,0.4674284841692637,0.4310802773679975,0.4408285104576965,0.4306530104938742,0.5096831930558714,0.4919422114907664,0.4049111530476735,0.414722970898544,0.4360990482360647,0.6130768306284567,0.2776596877703386,0.0457451518208095,0.6492644546941021,0.7408631156211782,0.5187450268860809,0.6381052763727337,1.0,0.512282869098405,0.4517853357326567,0.5975152931603095,0.5507917714598819,0.9377413205699884,0.0734149400985914,0.2379461849342942,0.2219059588730486,0.1111111111111111,0.8478260869565218,0.0,0.2222222222222222,0.0,0.0,1.0,0.0,0.0,0.0,1.0,0.0,0.0,1.0,0.0,0.5000000000000001
62342,62342,70,PhenCar-Phos,MeCN,NiCl2.6H2O,DIPEA,MeOH,0.7366569606589266,0.3935299853516366,0.2254539418560786,0.4958923591978953,0.3710480611202068,0.4251541547074131,0.3711071719420196,0.381439245775834,0.3315216228506839,0.455244767040529,0.4855300599338592,0.2092693468991436,0.4674284841692637,0.4310802773679975,0.4408285104576965,0.4306530104938742,0.5096831930558714,0.4919422114907664,0.4049111530476735,0.414722970898544,0.4360990482360647,0.6130768306284567,0.2776596877703386,0.0457451518208095,0.6492644546941021,0.7408631156211782,0.5187450268860809,0.6381052763727337,1.0,0.512282869098405,0.4517853357326567,0.5975152931603095,0.5507917714598819,0.9377413205699884,0.0734149400985914,0.2379461849342942,0.2219059588730486,0.1111111111111111,0.8478260869565218,0.0,0.2222222222222222,1.0,0.0,0.0,0.0,0.0,0.0,1.0,0.0,1.0,0.0,0.0,0.5000000000000001
62399,62399,70,PhenCar-Phos,PhMe,NiCl2.6H2O,K3PO4,MeOH,0.7366569606589266,0.3935299853516366,0.2254539418560786,0.4958923591978953,0.3710480611202068,0.4251541547074131,0.3711071719420196,0.381439245775834,0.3315216228506839,0.455244767040529,0.4855300599338592,0.2092693468991436,0.4674284841692637,0.4310802773679975,0.4408285104576965,0.4306530104938742,0.5096831930558714,0.4919422114907664,0.4049111530476735,0.414722970898544,0.4360990482360647,0.6130768306284567,0.2776596877703386,0.0457451518208095,0.6492644546941021,0.7408631156211782,0.5187450268860809,0.6381052763727337,1.0,0.512282869098405,0.4517853357326567,0.5975152931603095,0.5507917714598819,0.9377413205699884,0.0734149400985914,0.2379461849342942,0.2219059588730486,1.0,0.7500000000000001,0.7014925373134328,0.4222222222222223,1.0,0.0,0.0,0.0,0.0,0.0,0.0,1.0,1.0,0.0,0.0,0.5000000000000001
62731,62731,70,CPhos,MeTHF,NiCl2.6H2O,Cs2CO3,water,0.6681566272726914,0.4552189389250423,0.2065720040997588,0.3513945796140497,0.4654381504586302,0.3864289849373565,0.3880291439831174,0.3170785328951977,0.3283319893573225,0.4572672180190324,0.4344849697615148,0.277749090016301,0.2304114427144536,0.5493431020758435,0.3350065914099894,0.5189007257506988,0.7459461095650965,0.6088617188250721,0.4121925000252474,0.4427500125501889,0.2933127849277396,0.7366285051346806,0.6775011327418549,0.6369347342077007,0.5163131382324105,0.2723641194741883,0.2593375927318362,0.4068582275427983,0.4883241258900685,0.2314379128653199,0.4395733279785587,0.2217590152150474,0.488927379427819,0.0051310939488743,1.0,0.3143249224098252,0.4605996678366879,0.5158730158730158,0.0,0.8656716417910446,0.4666666666666667,1.0,0.0,0.0,0.0,1.0,0.0,0.0,0.0,0.0,0.0,1.0,0.5000000000000001
63655,63655,70,(tBu)PhCPhos,PhMe,[Ni(oTol)(Cl)(TMEDA)],Cs2CO3,water,0.5850350818767553,0.6702633974473707,0.3964926079114392,0.5528630386717948,0.429104204354948,0.2597331405757607,0.1522848888088997,0.3744010407448623,0.2158725785596887,0.4485336815930557,0.3786348887890935,0.1921070456419706,0.3756400449523554,0.3628415708244699,0.4403580977169432,0.5374936430864944,0.5723975978824712,0.0918888938275874,0.3990918204291214,0.4500722994434611,0.6431905062774887,0.7850958681110703,0.648728178854465,0.7789936419339478,0.598353326110052,0.5855566623085426,0.7110960252371465,0.7233020265368244,0.4178962472086659,0.0,0.7152241941262223,0.4120864525824354,0.0649887097701329,0.3765662556106221,0.2614414516308175,0.4982825642416415,0.1761950337367703,1.0,0.7500000000000001,0.7014925373134328,0.4222222222222223,0.0,0.0,0.0,1.0,1.0,0.0,0.0,0.0,0.0,0.0,1.0,0.5000000000000001
63669,63669,70,(tBu)PhCPhos,PhMe,[Ni(oTol)(Cl)(PPh3)2],K3PO4,none,0.5850350818767553,0.6702633974473707,0.3964926079114392,0.5528630386717948,0.429104204354948,0.2597331405757607,0.1522848888088997,0.3744010407448623,0.2158725785596887,0.4485336815930557,0.3786348887890935,0.1921070456419706,0.3756400449523554,0.3628415708244699,0.4403580977169432,0.5374936430864944,0.5723975978824712,0.0918888938275874,0.3990918204291214,0.4500722994434611,0.6431905062774887,0.7850958681110703,0.648728178854465,0.7789936419339478,0.598353326110052,0.5855566623085426,0.7110960252371465,0.7233020265368244,0.4178962472086659,0.0,0.7152241941262223,0.4120864525824354,0.0649887097701329,0.3765662556106221,0.2614414516308175,0.4982825642416415,0.1761950337367703,1.0,0.7500000000000001,0.7014925373134328,0.4222222222222223,0.0,0.0,1.0,0.0,0.0,0.0,0.0,1.0,0.0,1.0,0.0,0.5000000000000001
63724,63724,70,(tBu)PhCPhos,iPrOH,[Ni(COD)(DQ)],DBU,water,0.5850350818767553,0.6702633974473707,0.3964926079114392,0.5528630386717948,0.429104204354948,0.2597331405757607,0.1522848888088997,0.3744010407448623,0.2158725785596887,0.4485336815930557,0.3786348887890935,0.1921070456419706,0.3756400449523554,0.3628415708244699,0.4403580977169432,0.5374936430864944,0.5723975978824712,0.0918888938275874,0.3990918204291214,0.4500722994434611,0.6431905062774887,0.7850958681110703,0.648728178854465,0.7789936419339478,0.598353326110052,0.5855566623085426,0.7110960252371465,0.7233020265368244,0.4178962472086659,0.0,0.7152241941262223,0.4120864525824354,0.0649887097701329,0.3765662556106221,0.2614414516308175,0.4982825642416415,0.1761950337367703,0.238095238095238,0.7717391304347827,0.9552238805970148,0.7555555555555555,0.0,1.0,0.0,0.0,0.0,1.0,0.0,0.0,0.0,0.0,1.0,0.5000000000000001
64343,64343,70,PAd3,tAmOH,[Ni(oTol)(Cl)(PPh3)2],K3PO4,MeOH,0.2005058258022228,0.6988125694961901,0.7352572679056257,0.0,0.3600624964450983,0.2829070308715098,0.4491677256405316,0.2620294881947923,0.1999484823086402,0.5729148669786114,0.577733868541726,0.3792365678697287,0.6988659638301363,0.9999999999999998,0.3843045234096345,0.3404352629830031,0.6872872437038894,0.8646326342570638,0.5646735353441164,0.6645205525756647,0.8091823740657311,0.4329591667568143,0.4189862581353716,0.6280667891830352,0.5030291147892828,0.4872202986306632,0.4805040432513557,0.3053595424529441,0.4982565541473273,0.592011070160591,0.0,0.543622664388684,0.5169245873172814,0.6747492392261054,0.4195385526327022,0.6045189124414201,0.1616565819011838,0.3333333333333333,0.6630434782608696,1.0,0.7555555555555555,0.0,0.0,1.0,0.0,0.0,0.0,0.0,1.0,1.0,0.0,0.0,0.5000000000000001
64979,64979,70,EtPhenCar-Phos,PhMe,[Ni(COD)(DQ)],K3PO4,MeOH,0.530963912414027,0.3351081475295966,0.0,0.8111470958185343,0.3877959414013759,0.5321173422979723,0.1760050588346097,0.5499808365065366,0.4523195284358436,0.4310932965956767,0.2423304203226628,0.4039560658709257,0.6294127701480126,0.4286413863525343,0.2276891182823211,0.1575741357480697,0.4361364424937508,0.7856643042547717,0.6574899676965686,0.9674975250371384,0.3746474217241448,0.423281410140496,0.2890566395106475,0.0759162844240582,0.0663240976642918,0.6826827725403342,0.4601206238601794,0.5387372237367484,0.2969367518133076,0.5281484647526881,0.5579507238299174,0.2802709795978714,0.4096218534442979,0.6378439690504276,0.509115229157612,0.7650437289554743,0.4342167473648752,1.0,0.7500000000000001,0.7014925373134328,0.4222222222222223,0.0,1.0,0.0,0.0,0.0,0.0,0.0,1.0,1.0,0.0,0.0,0.5000000000000001
67042,67042,70,NPCy2-Phendolephos,MeTHF,[Ni(COD)(DQ)],K3PO4,water,0.5946671050404472,0.5174115523817282,0.4291300174728091,0.6529745453414262,0.4137553778694197,0.0,1.0,1.0,0.502355309119539,0.015428969758644,0.4795722320131114,0.3784595669105239,0.6678274794280091,0.2263653005116137,0.5480029132948043,0.4301291444229564,0.8710174599214882,0.3690516086759393,0.5104877726056111,0.4506884943256212,0.4096981081853666,0.3517143017029526,0.5646677878184179,0.5252835914551884,0.3690111467313435,0.4134759768901875,0.5502240548741324,0.3975391712649818,0.3302713613405398,0.5267695804398372,0.5100399181997031,0.521386808918301,0.4461952357421155,0.4006978131621181,0.402739255565252,0.383979129431094,0.4234077063175785,0.5158730158730158,0.0,0.8656716417910446,0.4666666666666667,0.0,1.0,0.0,0.0,0.0,0.0,0.0,1.0,0.0,0.0,1.0,0.5000000000000001
67089,67089,70,NPCy2-Phendolephos,MeCN,[Ni(COD)(DQ)],K3PO4,none,0.5946671050404472,0.5174115523817282,0.4291300174728091,0.6529745453414262,0.4137553778694197,0.0,1.0,1.0,0.502355309119539,0.015428969758644,0.4795722320131114,0.3784595669105239,0.6678274794280091,0.2263653005116137,0.5480029132948043,0.4301291444229564,0.8710174599214882,0.3690516086759393,0.5104877726056111,0.4506884943256212,0.4096981081853666,0.3517143017029526,0.5646677878184179,0.5252835914551884,0.3690111467313435,0.4134759768901875,0.5502240548741324,0.3975391712649818,0.3302713613405398,0.5267695804398372,0.5100399181997031,0.521386808918301,0.4461952357421155,0.4006978131621181,0.402739255565252,0.383979129431094,0.4234077063175785,0.1111111111111111,0.8478260869565218,0.0,0.2222222222222222,0.0,1.0,0.0,0.0,0.0,0.0,0.0,1.0,0.0,1.0,0.0,0.5000000000000001
67122,67122,70,NPCy2-Phendolephos,PhMe,[Ni(oTol)(Cl)(PPh3)2],Cs2CO3,none,0.5946671050404472,0.5174115523817282,0.4291300174728091,0.6529745453414262,0.4137553778694197,0.0,1.0,1.0,0.502355309119539,0.015428969758644,0.4795722320131114,0.3784595669105239,0.6678274794280091,0.2263653005116137,0.5480029132948043,0.4301291444229564,0.8710174599214882,0.3690516086759393,0.5104877726056111,0.4506884943256212,0.4096981081853666,0.3517143017029526,0.5646677878184179,0.5252835914551884,0.3690111467313435,0.4134759768901875,0.5502240548741324,0.3975391712649818,0.3302713613405398,0.5267695804398372,0.5100399181997031,0.521386808918301,0.4461952357421155,0.4006978131621181,0.402739255565252,0.383979129431094,0.4234077063175785,1.0,0.7500000000000001,0.7014925373134328,0.4222222222222223,0.0,0.0,1.0,0.0,1.0,0.0,0.0,0.0,0.0,1.0,0.0,0.5000000000000001
67327,67327,70,NPCy2-Phendolephos,MEK,[Ni(COD)(DQ)],Cs2CO3,water,0.5946671050404472,0.5174115523817282,0.4291300174728091,0.6529745453414262,0.4137553778694197,0.0,1.0,1.0,0.502355309119539,0.015428969758644,0.4795722320131114,0.3784595669105239,0.6678274794280091,0.2263653005116137,0.5480029132948043,0.4301291444229564,0.8710174599214882,0.3690516086759393,0.5104877726056111,0.4506884943256212,0.4096981081853666,0.3517143017029526,0.5646677878184179,0.5252835914551884,0.3690111467313435,0.4134759768901875,0.5502240548741324,0.3975391712649818,0.3302713613405398,0.5267695804398372,0.5100399181997031,0.521386808918301,0.4461952357421155,0.4006978131621181,0.402739255565252,0.383979129431094,0.4234077063175785,0.4761904761904761,0.25,0.6194029850746268,0.1555555555555556,0.0,1.0,0.0,0.0,1.0,0.0,0.0,0.0,0.0,0.0,1.0,0.5000000000000001
68233,68233,70,PtBuPh2,tAmOH,[Ni(COD)(DQ)],DIPEA,water,0.0731595787244185,0.4450654446415046,0.5031754306853953,0.5257689404675235,0.2635025816126747,0.3888752093800595,0.283888744613489,0.4531520280827559,0.4058766081971318,0.382087076372837,0.7285353394375292,0.1224221996130854,0.6148582618170382,0.4426186999165577,0.2103000198860637,0.6344342835156234,0.1129057791586101,0.2104744249742225,0.5595678306997827,0.3557630541864573,0.4981050605339026,0.7570482037073503,0.7500479545691152,0.7051633994896397,0.2134484750245671,0.4187472773161543,0.7726069548831616,1.0,0.4178200317140266,0.3740820300013938,0.349845974768833,0.3207033102440848,0.4497428189715318,0.7061841569989087,0.4094622812026419,0.6640140544130292,0.5282295839873049,0.3333333333333333,0.6630434782608696,1.0,0.7555555555555555,0.0,1.0,0.0,0.0,0.0,0.0,1.0,0.0,0.0,0.0,1.0,0.5000000000000001
68487,68487,70,PtBuCy2,iPrOH,NiCl2.6H2O,DBU,none,0.1117079333768796,0.6297530904060493,0.25685663705763,0.2893577243169093,0.3732904810756229,0.6464266597055279,0.3455619002498747,0.4382358281757763,0.4713172717887642,0.6986727952496248,0.3841134575137024,0.5143529280007373,0.7603824767702121,0.2840389207542408,0.3183509991189822,0.4623067695637137,0.8875420683967228,0.1749197773913861,0.7551646278910487,0.4867985130959546,0.3285805650089527,0.6115179723225469,0.5120999121188449,0.5299069875424425,0.5795011913117705,0.3875081147434236,0.6160961585511613,0.6317725014741457,0.3765046569051793,0.528014276923292,0.8326820078486266,0.3564477387133916,0.0641536188028106,0.4501696512167356,0.3758092763351994,0.3798014900945081,0.5914123467133925,0.238095238095238,0.7717391304347827,0.9552238805970148,0.7555555555555555,1.0,0.0,0.0,0.0,0.0,1.0,0.0,0.0,0.0,1.0,0.0,0.5000000000000001
68528,68528,70,PtBuCy2,DEC,[Ni(COD)(DQ)],Cs2CO3,MeOH,0.1117079333768796,0.6297530904060493,0.25685663705763,0.2893577243169093,0.3732904810756229,0.6464266597055279,0.3455619002498747,0.4382358281757763,0.4713172717887642,0.6986727952496248,0.3841134575137024,0.5143529280007373,0.7603824767702121,0.2840389207542408,0.3183509991189822,0.4623067695637137,0.8875420683967228,0.1749197773913861,0.7551646278910487,0.4867985130959546,0.3285805650089527,0.6115179723225469,0.5120999121188449,0.5299069875424425,0.5795011913117705,0.3875081147434236,0.6160961585511613,0.6317725014741457,0.3765046569051793,0.528014276923292,0.8326820078486266,0.3564477387133916,0.0641536188028106,0.4501696512167356,0.3758092763351994,0.3798014900945081,0.5914123467133925,0.6428571428571428,0.4347826086956523,0.6417910447761194,0.2666666666666667,0.0,1.0,0.0,0.0,1.0,0.0,0.0,0.0,1.0,0.0,0.0,0.5000000000000001
68529,68529,70,PtBuCy2,DEC,[Ni(COD)(DQ)],K3PO4,none,0.1117079333768796,0.6297530904060493,0.25685663705763,0.2893577243169093,0.3732904810756229,0.6464266597055279,0.3455619002498747,0.4382358281757763,0.4713172717887642,0.6986727952496248,0.3841134575137024,0.5143529280007373,0.7603824767702121,0.2840389207542408,0.3183509991189822,0.4623067695637137,0.8875420683967228,0.1749197773913861,0.7551646278910487,0.4867985130959546,0.3285805650089527,0.6115179723225469,0.5120999121188449,0.5299069875424425,0.5795011913117705,0.3875081147434236,0.6160961585511613,0.6317725014741457,0.3765046569051793,0.528014276923292,0.8326820078486266,0.3564477387133916,0.0641536188028106,0.4501696512167356,0.3758092763351994,0.3798014900945081,0.5914123467133925,0.6428571428571428,0.4347826086956523,0.6417910447761194,0.2666666666666667,0.0,1.0,0.0,0.0,0.0,0.0,0.0,1.0,0.0,1.0,0.0,0.5000000000000001
68757,68757,70,iPrPhenCar-Phos,MeTHF,[Ni(oTol)(Cl)(PPh3)2],K3PO4,none,0.6142696407977952,0.4335872119449293,0.1115699893757789,0.7085338584252319,0.3953352636235455,0.4381063840923949,0.2411530118230803,0.5548544151125804,0.3486434445457411,0.5421111983591562,0.3851739367209945,0.3635621587668695,0.5184002866580688,0.5605296867012366,0.2982677503765513,0.3049982061213299,0.3333566164377606,0.9414394582158856,0.7513181629677896,0.600334234812674,0.5198972609856368,0.8884122652295579,0.3857261518128678,0.6173112483242058,0.3635300201780721,0.48290353262144,0.3114802441006956,0.5673485059546997,0.3268482435562961,0.3076177473121358,0.3764451936231208,0.6523927611780784,0.2961304027151339,0.1942555319145975,0.5275112583433262,0.0325029574391108,0.2403091843020743,0.5158730158730158,0.0,0.8656716417910446,0.4666666666666667,0.0,0.0,1.0,0.0,0.0,0.0,0.0,1.0,0.0,1.0,0.0,0.5000000000000001
68793,68793,70,iPrPhenCar-Phos,MeCN,[Ni(oTol)(Cl)(TMEDA)],K3PO4,none,0.6142696407977952,0.4335872119449293,0.1115699893757789,0.7085338584252319,0.3953352636235455,0.4381063840923949,0.2411530118230803,0.5548544151125804,0.3486434445457411,0.5421111983591562,0.3851739367209945,0.3635621587668695,0.5184002866580688,0.5605296867012366,0.2982677503765513,0.3049982061213299,0.3333566164377606,0.9414394582158856,0.7513181629677896,0.600334234812674,0.5198972609856368,0.8884122652295579,0.3857261518128678,0.6173112483242058,0.3635300201780721,0.48290353262144,0.3114802441006956,0.5673485059546997,0.3268482435562961,0.3076177473121358,0.3764451936231208,0.6523927611780784,0.2961304027151339,0.1942555319145975,0.5275112583433262,0.0325029574391108,0.2403091843020743,0.1111111111111111,0.8478260869565218,0.0,0.2222222222222222,0.0,0.0,0.0,1.0,0.0,0.0,0.0,1.0,0.0,1.0,0.0,0.5000000000000001
68796,68796,70,iPrPhenCar-Phos,MeCN,[Ni(oTol)(Cl)(PPh3)2],DIPEA,none,0.6142696407977952,0.4335872119449293,0.1115699893757789,0.7085338584252319,0.3953352636235455,0.4381063840923949,0.2411530118230803,0.5548544151125804,0.3486434445457411,0.5421111983591562,0.3851739367209945,0.3635621587668695,0.5184002866580688,0.5605296867012366,0.2982677503765513,0.3049982061213299,0.3333566164377606,0.9414394582158856,0.7513181629677896,0.600334234812674,0.5198972609856368,0.8884122652295579,0.3857261518128678,0.6173112483242058,0.3635300201780721,0.48290353262144,0.3114802441006956,0.5673485059546997,0.3268482435562961,0.3076177473121358,0.3764451936231208,0.6523927611780784,0.2961304027151339,0.1942555319145975,0.5275112583433262,0.0325029574391108,0.2403091843020743,0.1111111111111111,0.8478260869565218,0.0,0.2222222222222222,0.0,0.0,1.0,0.0,0.0,0.0,1.0,0.0,0.0,1.0,0.0,0.5000000000000001
68836,68836,70,iPrPhenCar-Phos,PhMe,[Ni(oTol)(Cl)(TMEDA)],DBU,water,0.6142696407977952,0.4335872119449293,0.1115699893757789,0.7085338584252319,0.3953352636235455,0.4381063840923949,0.2411530118230803,0.5548544151125804,0.3486434445457411,0.5421111983591562,0.3851739367209945,0.3635621587668695,0.5184002866580688,0.5605296867012366,0.2982677503765513,0.3049982061213299,0.3333566164377606,0.9414394582158856,0.7513181629677896,0.600334234812674,0.5198972609856368,0.8884122652295579,0.3857261518128678,0.6173112483242058,0.3635300201780721,0.48290353262144,0.3114802441006956,0.5673485059546997,0.3268482435562961,0.3076177473121358,0.3764451936231208,0.6523927611780784,0.2961304027151339,0.1942555319145975,0.5275112583433262,0.0325029574391108,0.2403091843020743,1.0,0.7500000000000001,0.7014925373134328,0.4222222222222223,0.0,0.0,0.0,1.0,0.0,1.0,0.0,0.0,0.0,0.0,1.0,0.5000000000000001
68843,68843,70,iPrPhenCar-Phos,PhMe,[Ni(oTol)(Cl)(TMEDA)],K3PO4,MeOH,0.6142696407977952,0.4335872119449293,0.1115699893757789,0.7085338584252319,0.3953352636235455,0.4381063840923949,0.2411530118230803,0.5548544151125804,0.3486434445457411,0.5421111983591562,0.3851739367209945,0.3635621587668695,0.5184002866580688,0.5605296867012366,0.2982677503765513,0.3049982061213299,0.3333566164377606,0.9414394582158856,0.7513181629677896,0.600334234812674,0.5198972609856368,0.8884122652295579,0.3857261518128678,0.6173112483242058,0.3635300201780721,0.48290353262144,0.3114802441006956,0.5673485059546997,0.3268482435562961,0.3076177473121358,0.3764451936231208,0.6523927611780784,0.2961304027151339,0.1942555319145975,0.5275112583433262,0.0325029574391108,0.2403091843020743,1.0,0.7500000000000001,0.7014925373134328,0.4222222222222223,0.0,0.0,0.0,1.0,0.0,0.0,0.0,1.0,1.0,0.0,0.0,0.5000000000000001
68967,68967,70,iPrPhenCar-Phos,DEC,NiCl2.6H2O,DBU,none,0.6142696407977952,0.4335872119449293,0.1115699893757789,0.7085338584252319,0.3953352636235455,0.4381063840923949,0.2411530118230803,0.5548544151125804,0.3486434445457411,0.5421111983591562,0.3851739367209945,0.3635621587668695,0.5184002866580688,0.5605296867012366,0.2982677503765513,0.3049982061213299,0.3333566164377606,0.9414394582158856,0.7513181629677896,0.600334234812674,0.5198972609856368,0.8884122652295579,0.3857261518128678,0.6173112483242058,0.3635300201780721,0.48290353262144,0.3114802441006956,0.5673485059546997,0.3268482435562961,0.3076177473121358,0.3764451936231208,0.6523927611780784,0.2961304027151339,0.1942555319145975,0.5275112583433262,0.0325029574391108,0.2403091843020743,0.6428571428571428,0.4347826086956523,0.6417910447761194,0.2666666666666667,1.0,0.0,0.0,0.0,0.0,1.0,0.0,0.0,0.0,1.0,0.0,0.5000000000000001
79334,79334,100,P(2-Fur)3,tAmOH,NiCl2.6H2O,DIPEA,MeOH,0.0,0.105072659150758,0.3194484163393133,0.7243476975129162,0.4118279118410605,0.3664765364752621,0.1733915177101131,0.2080294762583026,0.8980977022761252,0.2831992229603999,0.06694881627011,0.1933777023761835,0.7313994996468757,0.6761150832764291,0.642934245916991,0.8164737236880875,0.861509317789496,0.2061466963742654,0.8030955425645057,0.4195326071507316,0.9497044285018236,0.38066045826184,0.4467771114860689,0.5622008134916192,0.6007743796218671,0.5724571059813249,0.1591901684710443,0.179876588012904,0.7464263967264313,0.2898512367977277,0.4062647141572214,0.447581802734835,0.3594652536336816,0.3450352285158586,0.460575011149577,0.5330153964549872,0.568593061938999,0.3333333333333333,0.6630434782608696,1.0,0.7555555555555555,1.0,0.0,0.0,0.0,0.0,0.0,1.0,0.0,1.0,0.0,0.0,1.0
79455,79455,100,PPh3,DEC,[Ni(oTol)(Cl)(PPh3)2],DBU,none,0.0383843320843269,0.2811341666768624,0.4532639241662862,0.4764997862214069,0.3075539806947323,0.294159318995865,0.3329478539083926,0.0781065925273677,0.4639773566252921,0.2898708033937159,0.5216684114169237,0.1839904520487055,0.5169681522983399,0.6981553846597341,0.4058910145521335,0.4550682438798028,0.4260370009617816,0.5010533988185224,0.6141327692023271,0.5021156684205692,0.2896449566241694,0.4104261563024021,0.4953330249298727,0.4377643001233174,0.160210097674923,0.3495168952899001,0.4889675014526328,0.5341103026908203,0.3263001225568612,0.568092281292848,0.4517788783194167,0.3151470998505463,0.633019667654481,0.6123269257124235,0.6456584076564343,0.3362872120371282,0.3287392588672766,0.6428571428571428,0.4347826086956523,0.6417910447761194,0.2666666666666667,0.0,0.0,1.0,0.0,0.0,1.0,0.0,0.0,0.0,1.0,0.0,1.0
80972,80972,100,cataCXium ABn,PhMe,NiCl2.6H2O,Cs2CO3,MeOH,0.295097741102752,0.6250957242196835,0.3924347281377421,0.3311537929691953,0.2876028216354044,0.5479186627685952,0.3526369159730472,0.4593799818861445,0.3440160688417458,0.376843826031952,0.2504233857632547,0.4286357619697347,0.6057653001132292,0.0453175577564073,0.5723131755605456,0.146533931603217,0.0,0.4134222831577716,0.1733433637438388,0.6559517539371043,0.9004716505429062,0.4554716898947415,0.0,0.8979211320324596,0.2785731690812386,0.9344144667197998,0.688564506177465,0.3079947167803575,0.6312002611144025,0.3630122017039652,0.3724549407583825,0.3000437873524456,0.4149829362229025,0.1470452447327818,0.8609027529959601,0.4038145251104357,0.7550500570415652,1.0,0.7500000000000001,0.7014925373134328,0.4222222222222223,1.0,0.0,0.0,0.0,1.0,0.0,0.0,0.0,1.0,0.0,0.0,1.0
81586,81586,100,cataCXium POMeCy,DEC,[Ni(COD)(DQ)],K3PO4,water,0.571455236829266,0.3766099391816757,0.1702408615986348,0.4848820987920939,0.5379825694377764,0.5052829149879633,0.3483230952840717,0.5314634057526625,0.5221677519305219,0.7461364346428714,0.4705927978662861,0.4816726244635493,0.4258698251387495,0.4484521153722581,0.4589724089700429,0.3056851112689336,0.3498160350719845,0.3035043070145574,0.1244948080663395,0.4494235749888565,0.4062295543472559,0.1926370109507462,0.7300364131483664,0.7031435574027625,0.9656833065020805,0.4115871234040494,0.4483229083261704,0.293755101969982,0.9366703550867282,0.6097364249741314,0.1914473791074989,0.1122750850904032,0.4204020515320177,0.4715104747736682,0.3303556000220438,0.4250509527231819,0.453672395872065,0.6428571428571428,0.4347826086956523,0.6417910447761194,0.2666666666666667,0.0,1.0,0.0,0.0,0.0,0.0,0.0,1.0,0.0,0.0,1.0,1.0
81637,81637,100,cataCXium POMeCy,tAmOH,NiCl2.6H2O,DIPEA,water,0.571455236829266,0.3766099391816757,0.1702408615986348,0.4848820987920939,0.5379825694377764,0.5052829149879633,0.3483230952840717,0.5314634057526625,0.5221677519305219,0.7461364346428714,0.4705927978662861,0.4816726244635493,0.4258698251387495,0.4484521153722581,0.4589724089700429,0.3056851112689336,0.3498160350719845,0.3035043070145574,0.1244948080663395,0.4494235749888565,0.4062295543472559,0.1926370109507462,0.7300364131483664,0.7031435574027625,0.9656833065020805,0.4115871234040494,0.4483229083261704,0.293755101969982,0.9366703550867282,0.6097364249741314,0.1914473791074989,0.1122750850904032,0.4204020515320177,0.4715104747736682,0.3303556000220438,0.4250509527231819,0.453672395872065,0.3333333333333333,0.6630434782608696,1.0,0.7555555555555555,1.0,0.0,0.0,0.0,0.0,0.0,1.0,0.0,0.0,0.0,1.0,1.0
83310,83310,100,JackiePhos,DEC,[Ni(COD)(DQ)],Cs2CO3,none,0.9999999999999998,0.0086425527640307,0.912976350504342,0.4865523619744261,0.2140029300726467,0.0905113361633871,0.3815329120618465,0.4069910772982203,0.4918929733852853,1.0,0.1984043818843234,0.5481287007686568,0.760708641983137,0.4597677863252944,0.3237859423378828,0.8709094638548247,0.3226113368748764,0.20310896532726,0.4822717283124921,0.6251769648524095,0.1020106923802794,1.0,0.4164278122940866,0.6141209005444961,0.2810142984327992,0.6940255504803244,0.5220578913740792,0.2745208148980049,0.4574317246222935,0.6033357882117398,0.509077287009322,0.5730635343033376,0.4332532556927544,0.4640709418789408,0.5151138801658972,0.3857945174217123,0.4900732480857176,0.6428571428571428,0.4347826086956523,0.6417910447761194,0.2666666666666667,0.0,1.0,0.0,0.0,1.0,0.0,0.0,0.0,0.0,1.0,0.0,1.0
83817,83817,100,PhDavePhos,PhMe,[Ni(oTol)(Cl)(TMEDA)],K3PO4,none,0.5378444834219459,0.3496184697429597,0.2747958878065786,0.5206966875608261,0.5252986922989205,0.1772924979060247,0.1967084707477751,0.2790319440249199,0.2662705277749683,0.4387811539570062,0.3905571298315022,0.2942515222834231,0.5425582545165996,0.4318550065463201,0.148302981341633,0.4476072308152903,0.6938514216830192,0.4468685486589933,0.266727145423615,0.5672750291589875,0.157402242310093,0.1636463024752147,0.563785499489454,0.6319528859851465,0.548358153997795,0.4834855310544081,0.6193450153727336,0.195384659004874,0.2108975117558977,0.7151556604607081,0.2610289365317409,0.5648681991116509,0.393585342455259,0.2862463868020424,0.5751549529345,0.4651630155293714,0.4197686499575275,1.0,0.7500000000000001,0.7014925373134328,0.4222222222222223,0.0,0.0,0.0,1.0,0.0,0.0,0.0,1.0,0.0,1.0,0.0,1.0
83872,83872,100,PhDavePhos,DEC,[Ni(oTol)(Cl)(PPh3)2],DBU,water,0.5378444834219459,0.3496184697429597,0.2747958878065786,0.5206966875608261,0.5252986922989205,0.1772924979060247,0.1967084707477751,0.2790319440249199,0.2662705277749683,0.4387811539570062,0.3905571298315022,0.2942515222834231,0.5425582545165996,0.4318550065463201,0.148302981341633,0.4476072308152903,0.6938514216830192,0.4468685486589933,0.266727145423615,0.5672750291589875,0.157402242310093,0.1636463024752147,0.563785499489454,0.6319528859851465,0.548358153997795,0.4834855310544081,0.6193450153727336,0.195384659004874,0.2108975117558977,0.7151556604607081,0.2610289365317409,0.5648681991116509,0.393585342455259,0.2862463868020424,0.5751549529345,0.4651630155293714,0.4197686499575275,0.6428571428571428,0.4347826086956523,0.6417910447761194,0.2666666666666667,0.0,0.0,1.0,0.0,0.0,1.0,0.0,0.0,0.0,0.0,1.0,1.0
83888,83888,100,PhDavePhos,DEC,[Ni(COD)(DQ)],Cs2CO3,MeOH,0.5378444834219459,0.3496184697429597,0.2747958878065786,0.5206966875608261,0.5252986922989205,0.1772924979060247,0.1967084707477751,0.2790319440249199,0.2662705277749683,0.4387811539570062,0.3905571298315022,0.2942515222834231,0.5425582545165996,0.4318550065463201,0.148302981341633,0.4476072308152903,0.6938514216830192,0.4468685486589933,0.266727145423615,0.5672750291589875,0.157402242310093,0.1636463024752147,0.563785499489454,0.6319528859851465,0.548358153997795,0.4834855310544081,0.6193450153727336,0.195384659004874,0.2108975117558977,0.7151556604607081,0.2610289365317409,0.5648681991116509,0.393585342455259,0.2862463868020424,0.5751549529345,0.4651630155293714,0.4197686499575275,0.6428571428571428,0.4347826086956523,0.6417910447761194,0.2666666666666667,0.0,1.0,0.0,0.0,1.0,0.0,0.0,0.0,1.0,0.0,0.0,1.0
83908,83908,100,PhDavePhos,tAmOH,[Ni(oTol)(Cl)(TMEDA)],DBU,water,0.5378444834219459,0.3496184697429597,0.2747958878065786,0.5206966875608261,0.5252986922989205,0.1772924979060247,0.1967084707477751,0.2790319440249199,0.2662705277749683,0.4387811539570062,0.3905571298315022,0.2942515222834231,0.5425582545165996,0.4318550065463201,0.148302981341633,0.4476072308152903,0.6938514216830192,0.4468685486589933,0.266727145423615,0.5672750291589875,0.157402242310093,0.1636463024752147,0.563785499489454,0.6319528859851465,0.548358153997795,0.4834855310544081,0.6193450153727336,0.195384659004874,0.2108975117558977,0.7151556604607081,0.2610289365317409,0.5648681991116509,0.393585342455259,0.2862463868020424,0.5751549529345,0.4651630155293714,0.4197686499575275,0.3333333333333333,0.6630434782608696,1.0,0.7555555555555555,0.0,0.0,0.0,1.0,0.0,1.0,0.0,0.0,0.0,0.0,1.0,1.0
84051,84051,100,CyAmPhos,DEC,[Ni(oTol)(Cl)(TMEDA)],DBU,none,0.3677404831022535,0.268416180454173,0.4616683453624247,0.4082787108707708,0.3707992676243157,0.8536940956045393,0.149977856967959,0.9049597052194276,0.3882585933651598,0.5378283544196227,0.3826081993758035,0.0,0.5103970971699233,0.2530350570104674,0.3587766443905216,0.5470590717594046,0.842550211450601,0.4628899684416012,0.1341388070174025,0.3993540644554982,0.0,0.3671936529069872,0.3088486819744401,0.3548168451836578,0.2810373032448775,0.4256104778688894,0.446637001423228,0.2190631349372286,0.5980092694548085,0.3967656607970134,0.342685018938922,0.6873185761493058,0.3165817358164276,0.5941702928732294,0.4400795638957996,0.6597505778672244,0.2166373641717334,0.6428571428571428,0.4347826086956523,0.6417910447761194,0.2666666666666667,0.0,0.0,0.0,1.0,0.0,1.0,0.0,0.0,0.0,1.0,0.0,1.0
84190,84190,100,CyAmPhos,DMI,NiCl2.6H2O,K3PO4,water,0.3677404831022535,0.268416180454173,0.4616683453624247,0.4082787108707708,0.3707992676243157,0.8536940956045393,0.149977856967959,0.9049597052194276,0.3882585933651598,0.5378283544196227,0.3826081993758035,0.0,0.5103970971699233,0.2530350570104674,0.3587766443905216,0.5470590717594046,0.842550211450601,0.4628899684416012,0.1341388070174025,0.3993540644554982,0.0,0.3671936529069872,0.3088486819744401,0.3548168451836578,0.2810373032448775,0.4256104778688894,0.446637001423228,0.2190631349372286,0.5980092694548085,0.3967656607970134,0.342685018938922,0.6873185761493058,0.3165817358164276,0.5941702928732294,0.4400795638957996,0.6597505778672244,0.2166373641717334,0.3253968253968253,0.0869565217391304,0.5820895522388059,0.0,1.0,0.0,0.0,0.0,0.0,0.0,0.0,1.0,0.0,0.0,1.0,1.0
85180,85180,100,DavePhos,PhMe,[Ni(COD)(DQ)],DBU,water,0.6389100117708069,0.4508298291432576,0.1339448252892083,0.3809308438848126,0.4816445514042745,0.4151639722889044,0.3872540485881143,0.3119162904945342,0.5342039933441005,0.4253139618599392,0.6982566789598306,0.2307045353318086,0.3376604598970054,0.3613326651270643,0.2126673336093743,0.7543731380707799,0.7228946781274829,0.4154697057899926,0.4604397432321047,0.5364975237681587,0.3570678717032826,0.917187545609046,0.1469618577834295,0.365621059865391,0.6333578682397549,0.4701240667426097,0.5011371705922212,0.2208169358768299,0.3011200457699632,0.4026333121116496,0.4088906979399443,0.2246109909823585,0.7049571482937431,0.2294912285672386,0.4530536177910582,0.7498794504481077,0.7425128832888718,1.0,0.7500000000000001,0.7014925373134328,0.4222222222222223,0.0,1.0,0.0,0.0,0.0,1.0,0.0,0.0,0.0,0.0,1.0,1.0
85713,85713,100,PhenCar-Phos,DMI,[Ni(COD)(DQ)],K3PO4,none,0.7366569606589266,0.3935299853516366,0.2254539418560786,0.4958923591978953,0.3710480611202068,0.4251541547074131,0.3711071719420196,0.381439245775834,0.3315216228506839,0.455244767040529,0.4855300599338592,0.2092693468991436,0.4674284841692637,0.4310802773679975,0.4408285104576965,0.4306530104938742,0.5096831930558714,0.4919422114907664,0.4049111530476735,0.414722970898544,0.4360990482360647,0.6130768306284567,0.2776596877703386,0.0457451518208095,0.6492644546941021,0.7408631156211782,0.5187450268860809,0.6381052763727337,1.0,0.512282869098405,0.4517853357326567,0.5975152931603095,0.5507917714598819,0.9377413205699884,0.0734149400985914,0.2379461849342942,0.2219059588730486,0.3253968253968253,0.0869565217391304,0.5820895522388059,0.0,0.0,1.0,0.0,0.0,0.0,0.0,0.0,1.0,0.0,1.0,0.0,1.0
85782,85782,100,CPhos,DEC,[Ni(oTol)(Cl)(TMEDA)],Cs2CO3,none,0.6681566272726914,0.4552189389250423,0.2065720040997588,0.3513945796140497,0.4654381504586302,0.3864289849373565,0.3880291439831174,0.3170785328951977,0.3283319893573225,0.4572672180190324,0.4344849697615148,0.277749090016301,0.2304114427144536,0.5493431020758435,0.3350065914099894,0.5189007257506988,0.7459461095650965,0.6088617188250721,0.4121925000252474,0.4427500125501889,0.2933127849277396,0.7366285051346806,0.6775011327418549,0.6369347342077007,0.5163131382324105,0.2723641194741883,0.2593375927318362,0.4068582275427983,0.4883241258900685,0.2314379128653199,0.4395733279785587,0.2217590152150474,0.488927379427819,0.0051310939488743,1.0,0.3143249224098252,0.4605996678366879,0.6428571428571428,0.4347826086956523,0.6417910447761194,0.2666666666666667,0.0,0.0,0.0,1.0,1.0,0.0,0.0,0.0,0.0,1.0,0.0,1.0
85804,85804,100,CPhos,DEC,[Ni(COD)(DQ)],DBU,water,0.6681566272726914,0.4552189389250423,0.2065720040997588,0.3513945796140497,0.4654381504586302,0.3864289849373565,0.3880291439831174,0.3170785328951977,0.3283319893573225,0.4572672180190324,0.4344849697615148,0.277749090016301,0.2304114427144536,0.5493431020758435,0.3350065914099894,0.5189007257506988,0.7459461095650965,0.6088617188250721,0.4121925000252474,0.4427500125501889,0.2933127849277396,0.7366285051346806,0.6775011327418549,0.6369347342077007,0.5163131382324105,0.2723641194741883,0.2593375927318362,0.4068582275427983,0.4883241258900685,0.2314379128653199,0.4395733279785587,0.2217590152150474,0.488927379427819,0.0051310939488743,1.0,0.3143249224098252,0.4605996678366879,0.6428571428571428,0.4347826086956523,0.6417910447761194,0.2666666666666667,0.0,1.0,0.0,0.0,0.0,1.0,0.0,0.0,0.0,0.0,1.0,1.0
86275,86275,100,(tBu)PhCPhos,DMI,[Ni(oTol)(Cl)(PPh3)2],Cs2CO3,water,0.5850350818767553,0.6702633974473707,0.3964926079114392,0.5528630386717948,0.429104204354948,0.2597331405757607,0.1522848888088997,0.3744010407448623,0.2158725785596887,0.4485336815930557,0.3786348887890935,0.1921070456419706,0.3756400449523554,0.3628415708244699,0.4403580977169432,0.5374936430864944,0.5723975978824712,0.0918888938275874,0.3990918204291214,0.4500722994434611,0.6431905062774887,0.7850958681110703,0.648728178854465,0.7789936419339478,0.598353326110052,0.5855566623085426,0.7110960252371465,0.7233020265368244,0.4178962472086659,0.0,0.7152241941262223,0.4120864525824354,0.0649887097701329,0.3765662556106221,0.2614414516308175,0.4982825642416415,0.1761950337367703,0.3253968253968253,0.0869565217391304,0.5820895522388059,0.0,0.0,0.0,1.0,0.0,1.0,0.0,0.0,0.0,0.0,0.0,1.0,1.0
86597,86597,100,cataCXium PiPr,tAmOH,[Ni(oTol)(Cl)(TMEDA)],DBU,MeOH,0.3552812917142927,0.4687116472451707,0.0785819378758463,0.6783124753796393,0.455705165297331,0.4953517250909545,0.285168446782516,0.5001006346291991,0.5180125728596787,0.6701577219475328,0.4071999710197596,0.5836396869791599,0.4446751770860568,0.4501318650883126,0.4576793810631413,0.4546596896084913,0.1799983389165646,0.4185885653676741,0.554378531967321,0.6654058922013781,0.6845822991414063,0.4299981476953589,1.0000000000000002,0.7664834501135185,0.4886854275024,0.1865804466470382,0.4719314753443845,0.168763856047168,0.1785853169303702,0.217991866814907,0.6811719052141584,0.759070295514011,0.9540370175257544,0.5890817548871605,0.4053093216115399,0.3895957052236803,0.1368248459659679,0.3333333333333333,0.6630434782608696,1.0,0.7555555555555555,0.0,0.0,0.0,1.0,0.0,1.0,0.0,0.0,1.0,0.0,0.0,1.0
87902,87902,100,Amidolephos,DEC,[Ni(oTol)(Cl)(PPh3)2],DIPEA,MeOH,0.7028865212903884,0.3188966096465323,0.2899739533692536,0.4761769736974992,0.3492425940562396,0.6316816202746778,0.2660340237893794,0.515827663595393,0.4966265534399597,0.5723328878244369,0.290662112077017,0.4411856043756774,0.3918178439917652,0.548072942392786,0.555603909930665,1.0,0.6794207320734902,0.6488471511729625,0.1346415464836751,0.4625502598690303,0.9284635371998656,0.0764028216886076,0.589972463594232,0.3907781743996824,0.6229199207900302,0.6647881115003407,0.9450126603701486,0.903523891832631,0.0692359872446392,0.9295980105372568,0.406650204829267,0.36933582047586,0.5272155699983645,0.0,0.515971003695159,0.551727740940552,0.2713988775810808,0.6428571428571428,0.4347826086956523,0.6417910447761194,0.2666666666666667,0.0,0.0,1.0,0.0,0.0,0.0,1.0,0.0,1.0,0.0,0.0,1.0
88394,88394,100,PtBuCy2,DMI,[Ni(COD)(DQ)],DIPEA,MeOH,0.1117079333768796,0.6297530904060493,0.25685663705763,0.2893577243169093,0.3732904810756229,0.6464266597055279,0.3455619002498747,0.4382358281757763,0.4713172717887642,0.6986727952496248,0.3841134575137024,0.5143529280007373,0.7603824767702121,0.2840389207542408,0.3183509991189822,0.4623067695637137,0.8875420683967228,0.1749197773913861,0.7551646278910487,0.4867985130959546,0.3285805650089527,0.6115179723225469,0.5120999121188449,0.5299069875424425,0.5795011913117705,0.3875081147434236,0.6160961585511613,0.6317725014741457,0.3765046569051793,0.528014276923292,0.8326820078486266,0.3564477387133916,0.0641536188028106,0.4501696512167356,0.3758092763351994,0.3798014900945081,0.5914123467133925,0.3253968253968253,0.0869565217391304,0.5820895522388059,0.0,0.0,1.0,0.0,0.0,0.0,0.0,1.0,0.0,1.0,0.0,0.0,1.0
